id_cliente,name,email,address,city,zip_code,registration_date
1,Theresina Iskow,tiskow0@macromedia.com,49 Forster Circle,Karanggintung,,2018-03-30
2,Loni Fenelon,lfenelon1@cloudflare.com,667 Drewry Trail,Qingyang,,2025-05-23
3,Ileane Newnham,inewnham2@miibeian.gov.cn,9 Crownhardt Crossing,Columbus,43210,2016-09-15
4,Sue Luchetti,sluchetti3@naver.com,217 Mallory Parkway,Skopje,1040,2009-07-06
5,Pip Geikie,pgeikie4@paginegialle.it,9652 Brown Road,Zalesnoye,,2019-04-13
6,Corette Swarbrigg,cswarbrigg5@economist.com,27250 Golf View Circle,Gurung,,2021-10-22
7,Keriann Tams,ktams6@clickbank.net,8287 Dryden Junction,Messina,0900,2008-09-08
8,Noll Quadling,nquadling7@com.com,54942 Bartillon Circle,Sredniy,141060,2000-11-26
9,Sophi Carlesi,scarlesi8@thetimes.co.uk,02762 Butterfield Avenue,Pacarkeling,,2007-07-18
10,Adan Bailey,abailey9@people.com.cn,71888 Anderson Alley,Remas,,2011-03-10
11,Carlynne Malicki,cmalickia@cmu.edu,59 Toban Road,Novoukrayinka,,2000-06-14
12,Dougie Bowkley,dbowkleyb@sogou.com,55 Fair Oaks Road,Mabua,3706,2009-09-16
13,Lonny Strover,lstroverc@prnewswire.com,696 Hooker Junction,Tây Đằng,,2005-05-22
14,Ralina Rubinshtein,rrubinshteind@merriam-webster.com,704 Melrose Trail,Bauru,17000-000,2016-04-17
15,Trevor Trim,ttrime@networkadvertising.org,393 Swallow Trail,Helsingborg,252 68,2015-09-02
16,Shaine True,struef@cloudflare.com,86789 Ronald Regan Road,Maggotty,,2006-11-16
17,Georgetta Friman,gfrimang@seesaa.net,73 Park Meadow Parkway,Paynjuwayn,,2009-06-27
18,Laure Bompass,lbompassh@examiner.com,29408 Browning Hill,Xinning,,2025-07-20
19,Bettye Strelitzki,bstrelitzkii@nydailynews.com,671 Rieder Road,Maoyang,,2024-10-29
20,Michal Bradneck,mbradneckj@va.gov,62986 Spenser Road,Zhengguo,,2012-02-07
21,Winna Leftwich,wleftwichk@accuweather.com,6530 Cascade Hill,Lembongan Kawan,,2000-06-28
22,Carlen Knight,cknightl@princeton.edu,445 Moland Circle,Neglasari,,2006-04-13
23,Octavia Hankinson,ohankinsonm@sohu.com,4499 Kim Way,Ejidal,35069,2014-10-16
24,Kate Shorthouse,kshorthousen@craigslist.org,305 Union Center,Armenia,630008,2003-01-30
25,Anallese Putland,aputlando@123-reg.co.uk,2989 Drewry Alley,Magtangol,1114,2019-07-12
26,Ardyce Spinetti,aspinettip@weebly.com,6 Oneill Lane,Santa Elena,4135,2009-11-09
27,Hagen Aleksankin,haleksankinq@linkedin.com,53 Nelson Plaza,Ore,,2018-12-24
28,Cammi Pirie,cpirier@wiley.com,61371 Anderson Avenue,Miramar,5143,2011-05-24
29,Hayward Halladay,hhalladays@europa.eu,903 Lillian Way,Qinglong,,2006-11-02
30,Ryann Pine,rpinet@ihg.com,42102 4th Place,Wengang,,2003-09-25
31,Loralee Falkner,lfalkneru@amazonaws.com,88 Cambridge Hill,Bayt Maqdūm,,2002-08-29
32,Shawnee Marunchak,smarunchakv@forbes.com,5744 Dunning Crossing,Chosica,,2013-12-01
33,Rosaleen Kynder,rkynderw@themeforest.net,5051 Mifflin Pass,Sandviken,811 30,2008-11-01
34,Athena Kedwell,akedwellx@icq.com,1772 Kingsford Way,Svobody,357560,2019-04-19
35,Bond Dawltrey,bdawltreyy@netscape.com,18511 Declaration Circle,Linxi,,2003-01-19
36,Jeanie Wastell,jwastellz@hostgator.com,1 Annamark Hill,Don Carlos,8712,2008-11-26
37,Andriana Blackborough,ablackborough10@techcrunch.com,4172 Kenwood Pass,Skopin,391833,2008-10-02
38,Camella Lohoar,clohoar11@cnbc.com,4 High Crossing Drive,Kadubera,,2020-05-23
39,Melony Krojn,mkrojn12@chron.com,277 Grasskamp Crossing,Tornio,95590,2000-06-28
40,Ashlen Poundsford,apoundsford13@jugem.jp,1 Huxley Trail,Kertai,,2017-06-12
41,Ardelle Galton,agalton14@seattletimes.com,4 Manley Terrace,Hanjia,,2002-03-05
42,Sella Hannon,shannon15@reference.com,2799 International Street,Tlogosadang,,2011-02-18
43,Gwenora Leyden,gleyden16@51.la,30 Sutteridge Street,Beloostrov,238323,2016-08-18
44,Jilly Deeks,jdeeks17@techcrunch.com,26880 Melody Circle,Macun,,2002-12-11
45,Nevins Hebburn,nhebburn18@cbslocal.com,5543 Northland Plaza,Bousso,,2006-12-02
46,Dorthy Bridgstock,dbridgstock19@chicagotribune.com,27 Debra Road,Tatarbunary,,2023-07-31
47,Buddie Djorevic,bdjorevic1a@washingtonpost.com,63 Little Fleur Center,Sandaotong,,2013-06-22
48,Chet Libbis,clibbis1b@princeton.edu,40574 Northport Alley,Shashūbay,,2010-07-04
49,Ari Meininking,ameininking1c@psu.edu,0820 Monterey Hill,Saint-Louis,,2018-11-28
50,Hoyt Adkin,hadkin1d@cbc.ca,2761 Jenna Crossing,Qiaolin,,2009-12-22
51,Lydie Bignold,lbignold1e@toplist.cz,548 Cardinal Parkway,Jiuchi,,2025-06-12
52,Dena Elnaugh,delnaugh1f@ovh.net,95 Sunfield Park,Kranuan,40170,2014-05-23
53,Doralia Gellett,dgellett1g@skyrock.com,7665 Michigan Crossing,Barengkok,,2025-10-16
54,Norene Clewer,nclewer1h@fda.gov,3 Cardinal Drive,Zhaowanzhuang,,2024-09-29
55,Eveline Canto,ecanto1i@wordpress.org,70 Hanson Terrace,Pakham,92000,2023-12-23
56,Modesty Metts,mmetts1j@cbc.ca,493 Killdeer Court,Tabatinga,14910-000,2007-10-20
57,Moshe Mortimer,mmortimer1k@exblog.jp,961 Messerschmidt Street,Guaratinguetá,12500-000,2001-05-16
58,Noni Stranieri,nstranieri1l@dell.com,8197 Northfield Crossing,Qiaoshi,,2017-07-30
59,Roddie Norsworthy,rnorsworthy1m@goo.gl,6676 Kenwood Center,Herval,96310-000,2006-01-06
60,Alexina Iacovone,aiacovone1n@about.com,68 Melody Hill,Cantao-an,9023,2017-03-30
61,Elliott Yacobsohn,eyacobsohn1o@clickbank.net,98294 Goodland Parkway,Zihu,,2024-10-27
62,Arleta Nannetti,anannetti1p@slideshare.net,5 Elmside Way,Héroumbili,,2019-08-10
63,Skye Gradon,sgradon1q@cyberchimps.com,67 Bunting Avenue,Varjota,62265-000,2014-05-11
64,Alva Bedbrough,abedbrough1r@army.mil,0338 Nevada Trail,Orléans,45045 CEDEX 1,2004-09-12
65,Lorenza Newick,lnewick1s@altervista.org,01 Fisk Hill,Baun,,2001-10-19
66,Matthieu Kefford,mkefford1t@sun.com,9 Rockefeller Place,Covão,3230-228,2020-12-18
67,Herve Schule,hschule1u@storify.com,01 Walton Road,Jami,,2020-05-14
68,Christos Cicco,ccicco1v@latimes.com,81 Meadow Ridge Court,Malanów,62-709,2021-03-08
69,Codie Kimbell,ckimbell1w@microsoft.com,8 Waxwing Center,Šentjur,3230,2018-06-20
70,Feliks Jennrich,fjennrich1x@yelp.com,45 Shoshone Center,Kropachëvo,456030,2003-12-30
71,Jeannie Biasini,jbiasini1y@netlog.com,961 Homewood Road,Maogang,,2024-12-08
72,Shawn Boote,sboote1z@symantec.com,55 Hoffman Point,Jimenez,7204,2000-01-30
73,Borden Greatreax,bgreatreax20@prweb.com,1379 Spenser Road,Borgo Maggiore,47893,2000-05-30
74,Shandeigh Hailston,shailston21@hibu.com,87 Corscot Lane,Jabranti,,2020-06-25
75,Izak Dinneges,idinneges22@zdnet.com,395 Sommers Plaza,Barbacena,36200-000,2020-10-30
76,Delmar Ogborne,dogborne23@woothemes.com,1 La Follette Circle,Matou,,2025-11-15
77,Junie Pattillo,jpattillo24@gmpg.org,2 Montana Drive,Sonquil,2419,2024-02-26
78,Christan Deathridge,cdeathridge25@auda.org.au,18 Ryan Avenue,Perštejn,431 63,2024-01-23
79,Bambie McKerrow,bmckerrow26@reverbnation.com,0 Lotheville Lane,Youzha,,2023-09-29
80,Allissa Sutcliffe,asutcliffe27@vimeo.com,389 Towne Junction,Boshof,8340,2005-08-08
81,Paula Sink,psink28@instagram.com,305 Morning Trail,Sentieiras,2200-499,2016-05-05
82,Sheila Dusting,sdusting29@miitbeian.gov.cn,9009 School Center,Maishi,,2004-01-17
83,Reube Burchill,rburchill2a@engadget.com,36 Ridgeview Court,Przytyk,26-650,2023-10-02
84,Konstanze Crosher,kcrosher2b@examiner.com,22 Bluejay Alley,Hetou,,2011-05-08
85,Katlin Vasyunkin,kvasyunkin2c@unesco.org,24 Westport Hill,Aroroy,5414,2014-04-26
86,Joy Scherme,jscherme2d@sitemeter.com,2325 Transport Terrace,Bunol,3115,2020-05-06
87,Cly Francklyn,cfrancklyn2e@un.org,12 Sheridan Junction,Chhāgalnāiya,3913,2008-10-21
88,Linzy Smitheram,lsmitheram2f@freewebs.com,83 Graedel Pass,Hekou,,2024-12-08
89,Abbie Hannigan,ahannigan2g@over-blog.com,6 7th Crossing,Sacramento,95833,2020-08-30
90,Harriett Rein,hrein2h@phpbb.com,1 La Follette Point,Ketapang,,2019-02-02
91,Henrietta Bowe,hbowe2i@cdbaby.com,7 Bay Drive,Trmice,400 04,2019-11-01
92,Enriqueta Sculpher,esculpher2j@arizona.edu,746 Eagan Parkway,Žitenice,411 41,2004-10-06
93,Margaux Tartt,mtartt2k@pen.io,720 Village Green Place,Darunban,,2002-04-08
94,Nestor Grelik,ngrelik2l@ifeng.com,47 Eagle Crest Way,Los Andes,526529,2001-05-27
95,Gabrila Conyers,gconyers2m@netvibes.com,5 Eggendart Circle,Parikkala,59101,2005-10-12
96,Elmore Abatelli,eabatelli2n@springer.com,5 Golf Course Plaza,Amqui,G5J,2008-07-09
97,Ford Alenin,falenin2o@pinterest.com,6 Gina Trail,Płońsk,09-101,2011-03-09
98,Storm Avent,savent2p@ebay.com,52 Bluejay Junction,Ježdovec,10250,2003-10-13
99,Shellie Budding,sbudding2q@mysql.com,05629 Valley Edge Alley,Barrie,L9J,2013-07-27
100,Whit Upshall,wupshall2r@delicious.com,084 Bashford Alley,Uppsala,752 26,2001-06-05
101,Bethina Agass,bagass2s@deliciousdays.com,5165 La Follette Junction,Krajan Demit,,2023-05-27
102,Laurens Muldoon,lmuldoon2t@theatlantic.com,2 4th Junction,Aquin,,2004-08-22
103,Dorey Wannes,dwannes2u@pcworld.com,853 Dayton Terrace,Maroa,,2004-03-13
104,Lin Gillon,lgillon2v@dagondesign.com,6 Sommers Center,Arboga,732 24,2024-08-03
105,Ash Corke,acorke2w@desdev.cn,7 Claremont Lane,Chimbote,,2005-11-29
106,Baxter Forsythe,bforsythe2x@cpanel.net,53353 Anhalt Drive,Xiacang,,2016-12-20
107,Hestia Burkin,hburkin2y@scribd.com,4 Warbler Point,Uppsala,754 20,2013-11-18
108,Meridith Yerborn,myerborn2z@dailymotion.com,67 Thompson Lane,Bendorubuh,,2008-01-07
109,Samson Wragg,swragg30@cyberchimps.com,40425 Rigney Street,Lom Sak,67110,2006-10-04
110,Lombard Coughlin,lcoughlin31@qq.com,056 Florence Center,Elat,,2003-07-27
111,Sigvard Merrick,smerrick32@chicagotribune.com,787 Larry Terrace,Kalývia,,2014-06-08
112,Cordy Wynter,cwynter33@bbb.org,79064 Longview Park,Lisia Góra,33-140,2007-01-04
113,Nelle Corten,ncorten34@elpais.com,03 Kinsman Alley,Cayambe,,2008-07-18
114,Tamera Vasyagin,tvasyagin35@yahoo.co.jp,56 3rd Alley,Culasian,6530,2004-01-20
115,Paulie Bastard,pbastard36@nymag.com,4527 Starling Plaza,Sanankerto,,2001-12-19
116,Sheila-kathryn Elliot,selliot37@storify.com,9453 Walton Point,Gällivare,982 81,2017-03-28
117,Angelo Grahlman,agrahlman38@army.mil,2 Magdeline Hill,Akat Amnuai,47170,2025-02-11
118,Jemmie Dubois,jdubois39@omniture.com,3735 Loeprich Road,Wangjiachang,,2002-05-02
119,Sapphira Davio,sdavio3a@technorati.com,2 Harbort Place,Pingshui,,2012-02-25
120,Laverna Letham,lletham3b@nps.gov,75268 Summit Pass,Senhor da Serra,3220-435,2016-11-23
121,Erick MacCallester,emaccallester3c@archive.org,12718 Hallows Avenue,Stockholm,106 65,2015-01-18
122,Washington Milligan,wmilligan3d@prnewswire.com,96649 Hazelcrest Place,Barra do Piraí,27000-000,2021-04-17
123,Sholom Machen,smachen3e@technorati.com,21022 Northview Parkway,Ilovka,309833,2015-11-05
124,Gwen Lamberth,glamberth3f@businesswire.com,32763 Harper Parkway,Troitsk,142191,2024-09-25
125,Meredith Pixton,mpixton3g@ox.ac.uk,5 Kenwood Circle,Xiadingjia,,2008-06-30
126,Saudra Duley,sduley3h@sfgate.com,93 American Crossing,Omoa,,2023-11-21
127,Abbie Giacomo,agiacomo3i@paypal.com,1428 Shopko Road,Linhó,2710-144,2012-07-19
128,Nobe Hayler,nhayler3j@github.io,814 Chive Parkway,Septfontaines,L-8396,2004-11-11
129,Joline Bernhardsson,jbernhardsson3k@delicious.com,8094 Briar Crest Trail,Komsomol’s’ke,,2017-09-09
130,Jo Shorte,jshorte3l@yellowpages.com,29708 Pepper Wood Junction,Konongo,,2015-04-11
131,Naomi Illidge,nillidge3m@odnoklassniki.ru,50207 Twin Pines Lane,Klippan,264 31,2010-07-22
132,Verla Treske,vtreske3n@harvard.edu,7 Rockefeller Place,Heydərabad,,2023-10-21
133,Olivero Easen,oeasen3o@list-manage.com,94 Old Shore Court,Hua Hin,77110,2018-11-25
134,Siward Mantha,smantha3p@ning.com,4271 Nelson Alley,Huxiaoqiao,,2009-01-21
135,Colas Matthensen,cmatthensen3q@who.int,189 Birchwood Alley,Dmitriyevskoye,356041,2004-07-16
136,Clim Hars,chars3r@jimdo.com,88 Shoshone Terrace,Bitobe,,2013-03-11
137,Yves Cotes,ycotes3s@sakura.ne.jp,2453 Division Junction,Santa Cruz,,2016-04-28
138,Lilias McCadden,lmccadden3t@gov.uk,85367 Melby Road,Lyon,69206 CEDEX 01,2005-07-12
139,Antonius Trayling,atrayling3u@shareasale.com,50 Garrison Junction,Samut Songkhram,75110,2015-05-19
140,Granville Shemming,gshemming3v@pen.io,219 Lighthouse Bay Park,Inyati,,2025-07-25
141,Eddy Arnauduc,earnauduc3w@wsj.com,59442 Leroy Point,Zaoxi,,2013-03-27
142,Chevy Le Blanc,cle3x@etsy.com,16 Pleasure Hill,Robīt,,2015-05-23
143,Raimundo Treacher,rtreacher3y@intel.com,1 Prentice Lane,Kotingnatagete,,2023-02-06
144,Tracey Baldocci,tbaldocci3z@gizmodo.com,08 Maywood Alley,Zhongxiao,,2004-03-11
145,Francisco Byers,fbyers40@networksolutions.com,387 Ruskin Alley,Penalva de Alva,3400-548,2006-12-31
146,Dania Ciccarello,dciccarello41@cdc.gov,8959 Warbler Court,Owerri,,2014-07-04
147,Blondelle Aubury,baubury42@amazon.co.uk,1933 Fairfield Hill,Zhougang,,2012-12-02
148,Darcey Stocks,dstocks43@de.vu,9 Pond Park,Wenping,,2021-03-20
149,Tiffy Alder,talder44@123-reg.co.uk,0 Park Meadow Road,Oodweyne,,2020-06-21
150,Leonidas Hayter,lhayter45@dion.ne.jp,99 School Court,Welchman Hall,,2025-01-05
151,Doria Treasaden,dtreasaden46@tamu.edu,095 Grayhawk Lane,Konobeyevo,140225,2017-10-24
152,Lily Edwinson,ledwinson47@psu.edu,0623 Buell Parkway,Nahuo,,2016-07-25
153,Brook Aguirrezabala,baguirrezabala48@irs.gov,18940 Morningstar Alley,Ngeni,,2020-12-25
154,Jodi Rissen,jrissen49@stumbleupon.com,76 Warrior Pass,Krajan Satu,,2009-11-11
155,Ivor Clawe,iclawe4a@amazon.com,08 Mendota Pass,Shebunino,694761,2012-12-18
156,Sergei Del Checolo,sdel4b@topsy.com,70149 Brown Point,Phonsavan,,2014-04-29
157,Florrie Doulden,fdoulden4c@illinois.edu,90752 Ruskin Trail,Annecy,74982 CEDEX 9,2018-02-14
158,Estel Keggin,ekeggin4d@tinypic.com,73 Merchant Park,Bateria,6012,2009-06-04
159,Way Itzhak,witzhak4e@oaic.gov.au,2 Eagle Crest Crossing,San Rafael,5600,2007-07-29
160,Effie Greystock,egreystock4f@bigcartel.com,648 Annamark Street,Saint-Paul,97864 CEDEX,2023-12-28
161,Bobbe Jeenes,bjeenes4g@prweb.com,7573 American Lane,Ciawi,,2009-09-08
162,Niccolo Ebbrell,nebbrell4h@nyu.edu,424 Starling Circle,Castanheiro do Sul,5130-025,2012-08-05
163,Aksel Skill,askill4i@redcross.org,0929 Aberg Lane,Butha-Buthe,,2023-11-05
164,Kaylil Bartlett,kbartlett4j@jigsy.com,91 Eagle Crest Pass,Huế,,2011-03-28
165,Terence Tommei,ttommei4k@loc.gov,9297 Quincy Junction,Coaldale,T1M,2013-11-09
166,Aurlie Speechley,aspeechley4l@bloglovin.com,6633 Melody Point,Las Toscas,3586,2020-01-15
167,Kin Juan,kjuan4m@1und1.de,4688 Superior Parkway,Mekarsari,,2004-07-01
168,Abner Teacy,ateacy4n@home.pl,87 Mendota Lane,Wilmington,19892,2015-03-21
169,Berke Greed,bgreed4o@free.fr,3 Golden Leaf Avenue,Chiguata,,2016-10-10
170,Had De Hooch,hde4p@posterous.com,440 Sloan Drive,Hajnówka,17-201,2018-06-25
171,Matthiew Handsheart,mhandsheart4q@vinaora.com,94 Mallory Lane,Bharatpur,,2018-10-26
172,Gay Helstrom,ghelstrom4r@engadget.com,54597 Springs Trail,Bagroy,5309,2000-02-02
173,Matti Abilowitz,mabilowitz4s@vistaprint.com,4841 Declaration Trail,Rasūlnagar,52081,2005-09-25
174,Oran Vanstone,ovanstone4t@plala.or.jp,36 Gale Crossing,Schaan,9494,2021-06-01
175,Wilbur Berringer,wberringer4u@etsy.com,40493 Springview Parkway,Wangqinzhuang,,2007-09-25
176,Sheffie Britch,sbritch4v@rambler.ru,49533 Vermont Hill,Tenjolaya,,2002-10-20
177,Ceil Tiller,ctiller4w@squidoo.com,3 Veith Pass,Eskilstuna,631 85,2018-09-29
178,Anselm Macartney,amacartney4x@spiegel.de,9535 Hazelcrest Drive,Paris 12,75567 CEDEX 12,2011-12-06
179,Benetta Di Napoli,bdi4y@posterous.com,21379 Mandrake Drive,Quận Sáu,,2025-11-06
180,Giana Leyton,gleyton4z@github.com,4 Pierstorff Hill,Xiongguan,,2017-08-18
181,Corinne Fynes,cfynes50@artisteer.com,3711 Dixon Point,Qili,,2018-09-27
182,Torrie Croose,tcroose51@sakura.ne.jp,69830 Ridgeview Trail,Sigiriya,21120,2007-11-03
183,Gael Fitzsimmons,gfitzsimmons52@xing.com,51773 Maple Park,Cikulina,,2000-12-22
184,Phaedra Lanham,planham53@washington.edu,37 Susan Court,Gyeongsan-si,,2014-09-01
185,Jerri Angric,jangric54@oakley.com,335 Ridgeway Avenue,Puan,,2000-02-27
186,Shaine Trimmell,strimmell55@ucsd.edu,00 Twin Pines Street,Monkey Hill,,2025-02-23
187,Egor Cavolini,ecavolini56@china.com.cn,54647 Lyons Place,Fenghua,,2001-10-09
188,Annadiane Gutridge,agutridge57@ed.gov,77981 Kingsford Way,Casal do Relvas,2440-341,2022-01-16
189,Merrilee Watters,mwatters58@timesonline.co.uk,8 Canary Trail,Umunede,,2008-10-20
190,Wilt Vizard,wvizard59@t.co,892 Clemons Plaza,Novi Travnik,,2023-02-28
191,Wendall Glendinning,wglendinning5a@woothemes.com,8391 Blue Bill Park Junction,Guangyi,,2008-01-08
192,Norrie Linnit,nlinnit5b@nytimes.com,92 Doe Crossing Hill,Chigorodó,057418,2024-02-08
193,Ashby Oxer,aoxer5c@bluehost.com,15106 Messerschmidt Center,Yanhe,,2021-07-10
194,Pru Hubbard,phubbard5d@weibo.com,27 Luster Place,Smiltene,,2001-12-06
195,Blinny Roseburgh,broseburgh5e@hatena.ne.jp,5 Northfield Junction,El Cafetal,,2010-03-17
196,Tabbi Crooke,tcrooke5f@imgur.com,700 Gale Court,Bakau,,2014-08-31
197,Linda Swann,lswann5g@wsj.com,1 Esker Street,Kaliro,,2011-11-17
198,Sybyl Le Estut,sle5h@unicef.org,12 Little Fleur Circle,Nangka,1808,2015-12-10
199,Westbrook Blooman,wblooman5i@about.me,561 Rieder Point,Shitan,,2017-10-10
200,Kettie Simione,ksimione5j@blogs.com,1 Memorial Lane,Goryachevodskiy,357560,2008-10-25
201,Bamby Blaszczynski,bblaszczynski5k@xrea.com,8117 Farwell Pass,Belozërsk,161200,2021-06-27
202,Phylis Brient,pbrient5l@marketwatch.com,780 Jackson Point,Almelo,7609,2012-09-14
203,Fanya Benger,fbenger5m@bigcartel.com,84358 Jana Alley,Guanchao,,2004-04-07
204,Ilaire Durham,idurham5n@apple.com,506 Anzinger Court,Murmansk,183985,2006-04-27
205,Kaila Garvie,kgarvie5o@booking.com,0 Texas Terrace,Ranisoba,,2010-11-01
206,Mollie Ferguson,mferguson5p@illinois.edu,95136 Swallow Drive,Yunmen,,2015-08-03
207,Aldous Maken,amaken5q@examiner.com,0273 Haas Park,Ulricehamn,523 32,2008-09-25
208,Roddy Warnes,rwarnes5r@livejournal.com,419 Haas Parkway,Ntoum,,2025-03-31
209,Britta Synan,bsynan5s@gnu.org,1642 Crownhardt Way,Bayaguana,11207,2024-11-04
210,Phaidra Knightly,pknightly5t@github.com,57 Debra Terrace,Kočevje,1330,2018-07-09
211,Carree Jerok,cjerok5u@examiner.com,0055 Michigan Center,Troparëvo,141662,2023-01-20
212,Agretha Le Grice,ale5v@google.com.br,53770 Banding Lane,Lidong,,2004-09-28
213,Gerianna Bloomer,gbloomer5w@qq.com,9 Manufacturers Alley,Castlerea,F45,2015-07-21
214,Marja Dobbs,mdobbs5x@deliciousdays.com,732 Jana Place,Palma De Mallorca,07121,2024-04-18
215,Bobina Pine,bpine5y@vkontakte.ru,88 Hovde Street,Xingdian,,2021-02-17
216,Mira Blaksley,mblaksley5z@dmoz.org,61 Harbort Plaza,Issoudun,36104 CEDEX,2006-09-24
217,Anjela Sire,asire60@amazon.co.uk,36587 Division Street,Al Manshāh,,2018-07-10
218,Anselma Gerding,agerding61@techcrunch.com,0525 Northwestern Junction,Yangying,,2007-05-31
219,Orson Treat,otreat62@addthis.com,13338 Thackeray Pass,Registro,11900-000,2011-07-22
220,Mala Dripp,mdripp63@answers.com,190 Lillian Park,Kifrī,,2019-02-08
221,Kirsteni Quilleash,kquilleash64@cbc.ca,3127 John Wall Terrace,Birowo,,2019-05-25
222,Theadora Harbottle,tharbottle65@cbc.ca,72306 Hazelcrest Parkway,Xiancun,,2012-07-24
223,Alysia Daykin,adaykin66@china.com.cn,309 Schmedeman Pass,Khlong Sam Wa,10240,2016-05-18
224,Robin Mensler,rmensler67@dion.ne.jp,0701 Forest Drive,Gobojango,,2017-05-08
225,Elmore Topes,etopes68@issuu.com,0 Toban Circle,Keroka,,2015-10-25
226,Cloe Sprowell,csprowell69@netscape.com,1870 Eggendart Crossing,Kyjov,592 14,2004-11-07
227,Emogene Phillot,ephillot6a@howstuffworks.com,1799 Gale Center,Koíla,,2000-04-30
228,Darrick Parkey,dparkey6b@typepad.com,4 Paget Avenue,Garça,17400-000,2010-08-30
229,Graeme Junifer,gjunifer6c@ed.gov,72604 Elgar Circle,Krajan Waturoyo,,2005-03-21
230,Colene Lunney,clunney6d@blogtalkradio.com,23 Packers Avenue,Tyvriv,,2011-04-08
231,Kalle Wennington,kwennington6e@godaddy.com,64108 Kingsford Terrace,Agnibilékrou,,2023-02-12
232,Chlo Cranna,ccranna6f@google.cn,7 Buell Center,Paris 10,75464 CEDEX 10,2002-06-28
233,Brook Benech,bbenech6g@ow.ly,539 Porter Trail,Dong Liang’erzhuang,,2015-06-10
234,Yolane Jerrand,yjerrand6h@cpanel.net,6 Prairieview Point,Sendafa,,2006-05-26
235,Allina McPeake,amcpeake6i@nydailynews.com,274 Brown Point,Sannois,95118 CEDEX,2022-08-31
236,Dedie Silcock,dsilcock6j@salon.com,09924 Anzinger Terrace,Barakani,,2014-05-24
237,Nerita McCabe,nmccabe6k@salon.com,62810 Daystar Street,Norfolk,23509,2003-03-30
238,Shalna Gent,sgent6l@aol.com,426 Charing Cross Terrace,San Rafael del Sur,,2001-04-28
239,Codie Quipp,cquipp6m@sciencedirect.com,7181 Pine View Crossing,Venda Nova,4650-089,2019-08-04
240,Trenna Hanna,thanna6n@ask.com,3230 Hazelcrest Avenue,Rebe,9214,2021-09-26
241,Marabel Arkcoll,markcoll6o@storify.com,027 Hauk Drive,Gabao,4707,2007-07-02
242,Cob Bartul,cbartul6p@mashable.com,27 Sunfield Trail,Jinhe,,2001-12-20
243,Fayre Brideoke,fbrideoke6q@smh.com.au,5334 Tony Way,Kamubheka,,2007-02-26
244,Moll Petrillo,mpetrillo6r@joomla.org,0 Rusk Alley,Nuštar,32221,2020-02-27
245,Stacy Paxeford,spaxeford6s@wix.com,4729 Springs Crossing,Bei,,2021-07-05
246,Terrell Wickersham,twickersham6t@uiuc.edu,6 Delaware Plaza,Vyksa,607069,2022-04-27
247,Zolly McNickle,zmcnickle6u@mozilla.com,0 Monterey Avenue,Karpushikha,624155,2014-06-19
248,Chickie Luxton,cluxton6v@cocolog-nifty.com,23233 Cherokee Trail,Malianchuan,,2013-04-11
249,Imojean Sheach,isheach6w@smugmug.com,1 Warbler Circle,Três de Maio,98910-000,2011-05-20
250,Lennie Karlolczak,lkarlolczak6x@fastcompany.com,09150 Canary Park,Buyun,,2001-10-02
251,Colly Lantaff,clantaff6y@npr.org,93 Sauthoff Crossing,Campina Grande,58100-000,2016-01-26
252,Caddric Sherrocks,csherrocks6z@paginegialle.it,4425 Pine View Avenue,Pisaras,,2018-08-11
253,Creight Garey,cgarey70@biblegateway.com,415 Delladonna Road,Mulhouse,68064 CEDEX 3,2015-10-04
254,Ellary Worlidge,eworlidge71@dot.gov,1183 Talisman Street,Dalupirip,2922,2012-01-25
255,Aline Pioli,apioli72@bravesites.com,38567 Vidon Court,Koncang,,2014-01-15
256,Warden Perry,wperry73@live.com,99 Arapahoe Way,Shengtang,,2002-08-01
257,Pammy Brandham,pbrandham74@wunderground.com,43957 Westport Way,Picoto,4620-400,2019-03-12
258,Hansiain Guinness,hguinness75@ucoz.ru,93 Rieder Terrace,Kamaishi,409-2522,2010-10-23
259,Hannie Binfield,hbinfield76@ustream.tv,83453 Mendota Point,Puji,,2024-11-01
260,Caro Creddon,ccreddon77@tinypic.com,6611 Morningstar Point,Sidomukti,,2017-03-15
261,Dulciana Oris,doris78@earthlink.net,58496 Rutledge Circle,Rožmitál pod Třemšínem,262 42,2025-02-25
262,Kary Kloss,kkloss79@stumbleupon.com,4 Forest Court,Tabuaço,5120-384,2024-11-07
263,Edith Thursby,ethursby7a@microsoft.com,0941 Evergreen Way,Lage,4960-160,2010-02-28
264,Costanza Orsi,corsi7b@census.gov,0567 Becker Park,Hedi,,2001-08-06
265,Ingamar Battelle,ibattelle7c@noaa.gov,200 Dexter Crossing,Baykit,648360,2023-09-18
266,Rosaline Anscott,ranscott7d@google.com,7713 Division Trail,Starodub,243240,2010-02-09
267,Jeffrey Pauncefoot,jpauncefoot7e@buzzfeed.com,119 Kings Park,Hostouň,345 25,2020-08-26
268,Katusha Keyho,kkeyho7f@blogspot.com,647 Michigan Lane,Changhao,,2005-10-30
269,Martelle Brient,mbrient7g@netscape.com,2575 Kennedy Alley,Kamaris,,2023-01-02
270,Isabelle Boissier,iboissier7h@flickr.com,0461 Crowley Trail,Tobilolong,,2024-12-31
271,Urbano Aleksahkin,ualeksahkin7i@umn.edu,031 Northwestern Place,Jinping,,2021-01-20
272,Ramsay Gremane,rgremane7j@rambler.ru,290 Warrior Alley,Vysokovsk,141650,2000-11-13
273,Alexi Milroy,amilroy7k@hc360.com,1 Transport Hill,Karangnunggal,,2023-04-24
274,Solly Boagey,sboagey7l@flavors.me,893 2nd Point,Jambeyan,,2015-05-17
275,Olvan Clementet,oclementet7m@vistaprint.com,683 Trailsway Road,Kuniran,,2011-06-02
276,Clyve Gynni,cgynni7n@furl.net,44509 Center Alley,Kopparberg,714 31,2019-07-19
277,Alanah Hawyes,ahawyes7o@youtu.be,4 Grover Circle,Umuquena,,2025-03-28
278,Mateo Fann,mfann7p@youtube.com,552 Tomscot Circle,Uthai Thani,81140,2021-01-16
279,Rudiger Yushmanov,ryushmanov7q@pen.io,0917 Larry Parkway,Huddinge,141 21,2023-08-04
280,Deny Slowley,dslowley7r@senate.gov,43132 Village Green Crossing,Maharagama,10280,2021-12-19
281,Hewet Simnel,hsimnel7s@webs.com,5 Melody Hill,Tosno,187003,2006-03-29
282,Sephira Seldner,sseldner7t@linkedin.com,8 Mariners Cove Parkway,Segoro,,2014-05-14
283,Ravid Hayton,rhayton7u@wunderground.com,749 Gale Drive,Heshang,,2018-06-11
284,Ynes Arrigucci,yarrigucci7v@surveymonkey.com,2093 Macpherson Terrace,Charleston,25331,2022-06-17
285,Lena Philipsohn,lphilipsohn7w@pcworld.com,3622 Carberry Junction,Numazu,419-0125,2020-07-22
286,Kathy Graddell,kgraddell7x@acquirethisname.com,11 Shelley Pass,Liugou,,2017-09-04
287,Christal Mateescu,cmateescu7y@imageshack.us,991 Colorado Hill,Tabatinga,14910-000,2021-09-23
288,Hanson Knight,hknight7z@qq.com,15589 Burrows Drive,Ecilda Paullier,,2006-03-15
289,Evangeline Stainbridge,estainbridge80@phoca.cz,27 Londonderry Way,Dar Chabanne,,2024-05-05
290,Natalina Mustill,nmustill81@t.co,621 Union Point,Saint Louis,63136,2017-02-23
291,Harlene Rogans,hrogans82@jimdo.com,9398 Dovetail Way,Dinggou,,2022-12-01
292,Maria Maw,mmaw83@guardian.co.uk,1180 Mockingbird Junction,Kaminoyama,988-0413,2001-08-03
293,Roxi Brand,rbrand84@edublogs.org,587 Armistice Circle,Shipka,6149,2010-05-30
294,Angelle Mollatt,amollatt85@ox.ac.uk,04431 Fordem Way,Lingyuan,,2004-02-09
295,Errick Valeri,evaleri86@dion.ne.jp,61503 Linden Street,Chaloem Phra Kiat,95120,2004-11-25
296,Ravi Tottem,rtottem87@ask.com,41 Maywood Plaza,Arão,4930-005,2020-01-08
297,Karla Vlasin,kvlasin88@tmall.com,6 Fieldstone Alley,Lugait,9025,2019-03-30
298,Franchot Marquis,fmarquis89@ucoz.com,75265 8th Road,Floresta,56400-000,2008-10-07
299,Amabelle McLucky,amclucky8a@hubpages.com,06313 Bartillon Junction,Opaka,7844,2004-03-03
300,Gaile Hannan,ghannan8b@goo.gl,4090 Monument Road,Intendente Alvear,6221,2013-07-28
301,Meta Halliwell,mhalliwell8c@goodreads.com,872 Buell Circle,Severnyy,141707,2013-09-14
302,Lazar Wittier,lwittier8d@constantcontact.com,2626 Thackeray Road,Del Rosario,5408,2002-03-25
303,Isa Lenaghen,ilenaghen8e@altervista.org,468 Warner Alley,Toshloq,,2015-03-05
304,Robinet Morfey,rmorfey8f@miitbeian.gov.cn,595 Larry Terrace,Perovo,453002,2010-04-20
305,Camile Willers,cwillers8g@scientificamerican.com,29 Maple Park,Kimanuit,9321,2005-01-11
306,Allissa Rudham,arudham8h@businessinsider.com,415 West Junction,Wojcieszków,21-411,2009-01-30
307,Zorine Bangham,zbangham8i@ihg.com,90 Mendota Road,Lewoduli,,2024-10-13
308,Maiga Dormand,mdormand8j@state.gov,5 Green Ridge Hill,Samangawah,,2011-09-13
309,Jerrold Dillinton,jdillinton8k@wikispaces.com,0870 Golf Hill,Jingyang,,2016-09-05
310,Ernesto Everix,eeverix8l@globo.com,3707 6th Road,Comallo,8416,2021-08-25
311,Kimberli Verduin,kverduin8m@jigsy.com,8 Oak Valley Avenue,Shuangwang,,2021-09-05
312,Marcellina Gealy,mgealy8n@forbes.com,97913 Larry Avenue,Sendai,939-1351,2022-06-22
313,Ingrim Rigbye,irigbye8o@prlog.org,452 Logan Drive,Lajeosa do Mondego,6360-496,2014-02-20
314,Kahlil Walder,kwalder8p@psu.edu,12 Pawling Court,Tupambaé,,2023-02-01
315,Estella Pow,epow8q@netvibes.com,016 Oakridge Alley,Beni Khiar,,2022-03-25
316,Dreddy Algar,dalgar8r@odnoklassniki.ru,84 8th Junction,Colcabamba,,2001-08-01
317,Darrin Gianullo,dgianullo8s@chronoengine.com,42 Pond Avenue,Nowlamary,3731,2015-03-29
318,Randee Wattisham,rwattisham8t@foxnews.com,4923 Beilfuss Park,Serzedo,4810-845,2023-07-26
319,Oriana Burr,oburr8u@hostgator.com,9807 Sachs Trail,Songyuan,,2001-03-28
320,Rinaldo Gwynn,rgwynn8v@webeden.co.uk,95505 Utah Junction,Pop,,2005-07-22
321,Michal Bucksey,mbucksey8w@fastcompany.com,4 Stang Point,Agua Fría,,2005-06-10
322,Olia Kilban,okilban8x@who.int,063 Mandrake Plaza,Tangzha,,2019-08-09
323,Katerina Whopples,kwhopples8y@bizjournals.com,1 Transport Parkway,Krzyżanowice,47-450,2013-09-07
324,Ashely Nielson,anielson8z@ibm.com,77767 Roth Crossing,Jiekeng,,2022-09-12
325,Allen Harse,aharse90@w3.org,2558 Jenna Parkway,Kaiama,,2019-05-22
326,Maxie McNess,mmcness91@yellowbook.com,52847 Buena Vista Crossing,Concepcion,7213,2017-12-20
327,Margot Breffit,mbreffit92@barnesandnoble.com,08 Mcguire Trail,Aya,659635,2011-04-04
328,Dominic Horlick,dhorlick93@elpais.com,2 Homewood Plaza,Qinghe,,2012-09-17
329,Carolee Threadkell,cthreadkell94@unicef.org,441 Dawn Circle,Sunfang,,2002-11-28
330,Jeremias Pigram,jpigram95@sun.com,6506 Jackson Lane,Wleń,59-610,2014-03-06
331,Filippo Macci,fmacci96@buzzfeed.com,90746 Coolidge Court,Zhetang,,2014-05-07
332,Caitrin Syddall,csyddall97@ocn.ne.jp,494 Hansons Pass,Yag La,,2018-01-17
333,Ethan Fellows,efellows98@scientificamerican.com,8 Armistice Plaza,Bull Savanna,,2018-08-22
334,Kev Mottershead,kmottershead99@list-manage.com,91 Monterey Parkway,Ivyanyets,,2005-01-21
335,Virginie Cereceres,vcereceres9a@istockphoto.com,5965 Moulton Drive,Kota Kinabalu,88837,2019-04-20
336,Rois Shorland,rshorland9b@toplist.cz,36719 Ohio Center,Utajärvi,91601,2017-10-06
337,Korrie Augar,kaugar9c@jalbum.net,5 Nobel Avenue,Gangdong,,2013-09-15
338,Louella Southerns,lsoutherns9d@slashdot.org,2450 Northview Pass,Zgłobień,36-046,2002-03-09
339,Thaddus Soden,tsoden9e@wiley.com,52470 Victoria Circle,Sangke,,2015-11-02
340,Amity Blackborne,ablackborne9f@oracle.com,112 Grayhawk Way,Meipu,,2017-10-22
341,Amata Vigors,avigors9g@patch.com,787 Columbus Center,Meaux,77104 CEDEX,2008-12-08
342,Addie Kingman,akingman9h@google.com.au,53 Anderson Crossing,Bartolomé Masó,,2009-04-16
343,Cherianne Boynes,cboynes9i@senate.gov,55176 Schiller Park,Luzhi,,2014-08-14
344,Em Beckley,ebeckley9j@adobe.com,651 Crest Line Hill,Zhong’an,,2014-06-29
345,Junette Hodjetts,jhodjetts9k@phoca.cz,8 Sachs Lane,Milltown,D04,2013-10-18
346,Filberto Lavalle,flavalle9l@artisteer.com,540 Harbort Crossing,Liubo,,2006-02-17
347,Odele Conklin,oconklin9m@alexa.com,28256 South Hill,Bata Tengah,,2018-01-10
348,Vivyanne Habergham,vhabergham9n@ezinearticles.com,64299 Sullivan Road,Komsomol’skiy,,2015-05-04
349,Noellyn Cocklie,ncocklie9o@opera.com,80 1st Road,Itambé,55920-000,2019-05-31
350,Nels Groveham,ngroveham9p@biblegateway.com,29 Merchant Court,Grenoble,38816 CEDEX 1,2004-08-06
351,Paulina Dwerryhouse,pdwerryhouse9q@wisc.edu,24222 Lunder Way,Pallasovka,404264,2000-08-25
352,Weston Serot,wserot9r@whitehouse.gov,1458 Scofield Center,Baytā al Fawqā,,2003-12-15
353,Jefferson Heeps,jheeps9s@msu.edu,5 Sutherland Street,San Agustín de Valle Fértil,5449,2024-03-29
354,Pascale Iacovielli,piacovielli9t@t-online.de,3 Farmco Parkway,Hejiang,,2006-12-03
355,Sumner Baniard,sbaniard9u@rakuten.co.jp,134 Golf View Parkway,Zhongchuan,,2020-01-27
356,Farica Elby,felby9v@ftc.gov,9271 Golf Point,Kwangmyŏng,,2023-03-01
357,Paige Mellmoth,pmellmoth9w@tuttocitta.it,8 Springs Crossing,Nor Yerznka,,2018-08-24
358,Bertrando Vasyukhnov,bvasyukhnov9x@dion.ne.jp,6 Ilene Pass,Osogbo,,2012-10-23
359,Nolly Tutchings,ntutchings9y@nhs.uk,4872 Aberg Terrace,Newton,02162,2000-05-31
360,Hilliary Passe,hpasse9z@deviantart.com,54508 Vidon Drive,Pop Shahri,,2011-12-16
361,Wini Meadowcraft,wmeadowcrafta0@yolasite.com,03 Independence Road,Sieniawa Żarska,00-018,2011-01-08
362,Diannne Matieu,dmatieua1@gnu.org,51 Del Sol Pass,Pohonsirih,,2004-12-27
363,Tibold MacMichael,tmacmichaela2@aol.com,59288 Debra Park,Tarakan,,2015-01-06
364,Elinore Traise,etraisea3@printfriendly.com,6 Lillian Park,Gotemba,412-0048,2010-09-28
365,Charlene Tuberfield,ctuberfielda4@youtube.com,494 Chive Street,Bayramaly,,2025-12-20
366,Everett Barehead,ebareheada5@hubpages.com,50 Everett Center,Sabhā,,2021-09-25
367,Jillian Eck,jecka6@usnews.com,1445 Redwing Court,Göteborg,415 07,2025-01-11
368,Ag Archer,aarchera7@wunderground.com,11 Transport Hill,Hoogeveen,7909,2019-07-27
369,Garik Saye,gsayea8@twitter.com,89137 Leroy Avenue,Tandag,8300,2011-10-20
370,Helli Langhorn,hlanghorna9@flickr.com,44 Basil Plaza,Lyon,69362 CEDEX 07,2004-06-06
371,Linette Martinolli,lmartinolliaa@yahoo.co.jp,1 Twin Pines Lane,Heliconia,055827,2020-05-15
372,Bail Ledrane,bledraneab@tripadvisor.com,450 Bartelt Circle,Almeirim,68230-000,2019-02-24
373,Niven Matis,nmatisac@nifty.com,45934 Talmadge Center,Ribeira do Pombal,48400-000,2000-10-15
374,Stacee Hamerton,shamertonad@blogspot.com,872 John Wall Street,Shiki,863-2503,2001-12-26
375,Pris Gilroy,pgilroyae@tiny.cc,6 Cody Lane,Paris 09,75434 CEDEX 09,2013-09-14
376,Arnoldo Adkin,aadkinaf@ocn.ne.jp,207 Northport Alley,Noenoni,,2011-05-18
377,Vonni Armfield,varmfieldag@thetimes.co.uk,56008 Kim Plaza,Örgön,,2006-11-18
378,Guthrie McNelly,gmcnellyah@archive.org,19 Gulseth Street,Támara,,2003-05-18
379,Nicholle Still,nstillai@wix.com,9972 Donald Point,Shenavan,,2013-08-10
380,Honoria Studeart,hstudeartaj@ezinearticles.com,10873 4th Terrace,Anning,,2003-03-05
381,Leila Spurriar,lspurriarak@instagram.com,41 Hoffman Lane,Gangu Chengguanzhen,,2014-02-07
382,Kimmy Hampshaw,khampshawal@omniture.com,82 Schlimgen Parkway,Verin Artashat,,2001-04-25
383,Royall Georger,rgeorgeram@cmu.edu,5007 Mendota Crossing,Santa Cruz,,2014-08-14
384,Mayne Hanselman,mhanselmanan@hc360.com,323 Rockefeller Way,Karlstad,652 27,2009-01-11
385,Mitzi Effaunt,meffauntao@miitbeian.gov.cn,5 Oneill Hill,Laweueng,,2025-11-02
386,Laird Quodling,lquodlingap@icio.us,690 Oxford Alley,Péfki,,2024-06-29
387,Roana Deason,rdeasonaq@nbcnews.com,09 Lake View Hill,Mehmand Chak,50281,2008-02-26
388,Marrissa Kielty,mkieltyar@hugedomains.com,00829 Porter Crossing,Afanas’yeva,399716,2012-03-14
389,Sim Bennis,sbennisas@imdb.com,65278 Victoria Junction,Batuidu,,2019-09-22
390,Richart Janicek,rjanicekat@youtu.be,31594 Declaration Lane,Sasykoli,416013,2021-01-18
391,Kat Plom,kplomau@google.es,34 Ohio Hill,Markaryd,285 35,2005-02-14
392,Odetta Dykins,odykinsav@a8.net,317 Park Meadow Road,Wan’an,,2017-05-19
393,Abeu Webben,awebbenaw@wikia.com,017 Hintze Court,Balingasag,9005,2025-12-29
394,Ferdinande Hutchens,fhutchensax@elegantthemes.com,46368 Russell Pass,Suizhong,,2017-11-09
395,Filberto Ibel,fibelay@abc.net.au,98482 Porter Hill,Yantal’,679005,2010-07-22
396,Emery Stillwell,estillwellaz@lulu.com,9 Summer Ridge Trail,Guadalupe,,2004-09-29
397,Vale Stanistrete,vstanistreteb0@wp.com,5 Gale Circle,Itaberaí,76630-000,2010-10-05
398,Lian Toulch,ltoulchb1@toplist.cz,62410 Center Pass,Talok,,2009-05-15
399,Abey Baudoux,abaudouxb2@bbc.co.uk,0 Eagan Parkway,Bolhrad,,2016-12-15
400,Meaghan McIlwrath,mmcilwrathb3@linkedin.com,85 Center Parkway,Barcelona,08075,2005-03-31
401,Elga Sapseed,esapseedb4@wisc.edu,6068 Debra Street,Wates,,2021-01-17
402,Flory Goggins,fgogginsb5@slate.com,4894 Vermont Pass,Mojorejo,,2010-01-12
403,Marcelia Summersby,msummersbyb6@themeforest.net,50 Milwaukee Road,Honoria,,2003-07-15
404,Giff Gibling,ggiblingb7@sourceforge.net,7 Mariners Cove Center,Imsida,ZTN,2012-05-20
405,Lona Hellsdon,lhellsdonb8@biblegateway.com,4173 Dorton Place,Cinyasag,,2009-08-03
406,Ruperto Arpin,rarpinb9@tinypic.com,4626 Clove Center,Yunyan,,2008-12-07
407,Marten Seakings,mseakingsba@sphinn.com,0503 Rockefeller Trail,Paris 08,75413 CEDEX 08,2016-06-09
408,Lauri Eddison,leddisonbb@accuweather.com,87 Hanover Point,Carmo do Cajuru,35510-000,2016-11-20
409,Guthrey Hynes,ghynesbc@unicef.org,231 Express Lane,Xucheng,,2018-05-19
410,Whitman Shawyer,wshawyerbd@skype.com,82 Hansons Crossing,Halinów,05-074,2020-05-14
411,Earl Wadley,ewadleybe@wordpress.org,55852 Toban Circle,Curiapo,,2012-07-16
412,Dulcinea Warwick,dwarwickbf@jiathis.com,653 Thierer Lane,Lebak Timur,,2018-04-07
413,Marianne Swalough,mswaloughbg@squarespace.com,625 Badeau Junction,Mancos,,2003-12-12
414,Bartel Ginnally,bginnallybh@usda.gov,81 Shoshone Drive,Dobre,88-210,2018-08-20
415,Welby Vittel,wvittelbi@blogtalkradio.com,01 Express Road,Koni-Djodjo,,2002-01-20
416,Fiorenze MacDearmont,fmacdearmontbj@examiner.com,03283 Bunting Trail,Bailai,,2016-08-02
417,Emmott Bolsteridge,ebolsteridgebk@webs.com,0452 Sycamore Way,Los Nogales,66053,2024-02-19
418,Kariotta Laneham,klanehambl@feedburner.com,867 Victoria Way,Ōtawara,329-3155,2017-05-09
419,Kennedy Biswell,kbiswellbm@networkadvertising.org,63449 Division Alley,Bonak,,2024-08-12
420,Stella Getcliff,sgetcliffbn@github.io,3 Luster Point,Jihuluntu Sumu,,2001-02-03
421,Juliane Jersch,jjerschbo@artisteer.com,290 Hooker Court,Delmiro Gouveia,57480-000,2019-04-14
422,Nikolaos Madre,nmadrebp@ted.com,4 Loftsgordon Crossing,Xishui,,2005-01-24
423,Kacy MacNeillie,kmacneilliebq@soup.io,71 Graedel Pass,Budapest,1062,2011-02-10
424,Dorris Bronger,dbrongerbr@icq.com,40 Everett Way,Jerusalem,,2010-09-26
425,Tobi Hinder,thinderbs@chron.com,6039 Hazelcrest Road,Santa Inês,86660-000,2002-09-28
426,Ame Kolakowski,akolakowskibt@squarespace.com,2 Manufacturers Court,Patao,6052,2005-02-06
427,Starlene Jewer,sjewerbu@mtv.com,03052 American Ash Center,Nowe Warpno,72-022,2007-11-13
428,Danit Edyson,dedysonbv@google.pl,3 Sloan Junction,Long Layu,,2020-12-06
429,Marys Lynthal,mlynthalbw@simplemachines.org,885 Corscot Junction,Yam,142008,2004-11-04
430,Eustacia Trahar,etraharbx@people.com.cn,61 Crownhardt Road,Nabīnagar,3410,2024-01-13
431,Daisey Janew,djanewby@ftc.gov,100 Dawn Terrace,Cijambe,,2013-10-22
432,Nathaniel Manson,nmansonbz@nih.gov,00 Fisk Street,Portela,4970-585,2024-11-26
433,Tymothy Bauer,tbauerc0@abc.net.au,33 Swallow Avenue,Cimara,,2015-03-17
434,Grenville Boodell,gboodellc1@cdc.gov,7 Ridge Oak Junction,Chavão,4775-074,2018-07-24
435,Kevon Imloch,kimlochc2@telegraph.co.uk,71222 Oriole Center,Solor,,2017-04-29
436,Durant Kondratowicz,dkondratowiczc3@newsvine.com,7 Londonderry Center,Montélimar,26209 CEDEX,2006-09-19
437,Benson Brownbridge,bbrownbridgec4@vk.com,6 Eliot Street,Xiaoweizhai,,2022-09-23
438,Cordelie Backhurst,cbackhurstc5@over-blog.com,785 Independence Drive,Asan,,2006-05-05
439,Brietta MacKereth,bmackerethc6@storify.com,383 Moland Parkway,Velykyy Klyuchiv,,2020-02-25
440,Lorry Sissland,lsisslandc7@dagondesign.com,804 Portage Alley,Kukushtan,614543,2015-12-23
441,Maryrose Withrop,mwithropc8@marketwatch.com,8084 Buena Vista Trail,Thị Trấn Bắc Yên,,2017-10-22
442,Orrin Tippett,otippettc9@acquirethisname.com,4146 Lotheville Parkway,Brok,07-306,2020-07-29
443,Dalis Champ,dchampca@themeforest.net,37 Marcy Road,Tiyingtali Kelod,,2007-06-30
444,Elnore Carreyette,ecarreyettecb@about.me,6 Fordem Park,Huaqiao,,2005-11-15
445,Jorie Spiers,jspierscc@nydailynews.com,6903 Dryden Point,Międzyrzecz,66-302,2009-02-13
446,Viki Hearnshaw,vhearnshawcd@cdc.gov,84371 Westend Trail,Bojszowy Nowe,43-220,2013-04-19
447,Harp Gheorghe,hgheorghece@t-online.de,1 Burrows Crossing,Rio Branco do Sul,83540-000,2000-03-15
448,Cacilia Lundbeck,clundbeckcf@theatlantic.com,8 Londonderry Plaza,Tungi,1230,2016-03-08
449,Muffin Diggons,mdiggonscg@1und1.de,0836 Kensington Pass,Krajan Puger Wetan,,2009-12-01
450,Erinn Von Welldun,evonch@jimdo.com,2 Declaration Pass,Edineţ,MD-4734,2015-11-18
451,Aridatha Harrop,aharropci@hatena.ne.jp,6 Hovde Plaza,Obrera,32050,2025-03-03
452,Janet Clague,jclaguecj@goo.gl,7 Vermont Avenue,Manamrag,6811,2000-08-20
453,Karee Pharaoh,kpharaohck@boston.com,357 Anhalt Hill,Huangjiabu,,2004-10-16
454,Valry Endecott,vendecottcl@archive.org,5721 Declaration Circle,Nacka,131 83,2020-01-01
455,Ty Crang,tcrangcm@oakley.com,54835 Ruskin Center,Si Racha,20110,2013-12-17
456,Carita Daen,cdaencn@ycombinator.com,47011 Del Sol Center,Tiwi,4513,2016-10-12
457,Charyl Boyall,cboyallco@furl.net,15704 Scofield Lane,Växjö,351 88,2001-05-06
458,Jo Beardwell,jbeardwellcp@jigsy.com,71263 Spohn Hill,Santa Cruz,5105,2009-09-12
459,Tiffy Cunradi,tcunradicq@imageshack.us,593 Carpenter Terrace,Kelaniya,11600,2008-08-12
460,Hurleigh Lillecrop,hlillecropcr@behance.net,24 Norway Maple Place,Catbalogan,6700,2007-11-02
461,Constancy Ouver,couvercs@livejournal.com,3 Scoville Park,Oklahoma City,73167,2019-08-30
462,Claiborne Jeynes,cjeynesct@dell.com,7 Kipling Way,Goianésia,76380-000,2011-11-16
463,Korella Cabral,kcabralcu@mac.com,79 3rd Junction,Vila Nova,4710-627,2012-06-19
464,Ardith Phinnis,aphinniscv@nymag.com,74932 Vera Road,Sagopshi,386340,2017-09-16
465,Benedetto Hunnywell,bhunnywellcw@twitpic.com,64 Autumn Leaf Plaza,Al Matūn,,2018-02-09
466,Billi Lippi,blippicx@sina.com.cn,0680 Delladonna Pass,Tours,37205 CEDEX 3,2023-06-18
467,Mallorie Mabbett,mmabbettcy@fc2.com,759 Menomonie Alley,Lārkāna,77381,2013-11-30
468,Budd Goulbourne,bgoulbournecz@who.int,53830 Ridgeview Crossing,Kanoya,329-1117,2015-01-29
469,Lilllie Thripp,lthrippd0@geocities.jp,19 Arkansas Plaza,Marapanim,68760-000,2021-07-23
470,Federica Connick,fconnickd1@google.pl,39 Maywood Plaza,Paseyan,,2021-08-16
471,Jameson Findlay,jfindlayd2@usda.gov,8 Prentice Trail,Maomiaoji,,2001-08-17
472,Kristen Davers,kdaversd3@virginia.edu,0 Coleman Terrace,Arauca,810009,2021-08-20
473,Joell Bladen,jbladend4@friendfeed.com,3372 Morningstar Alley,Ivanec,42240,2017-07-21
474,Pollyanna Georghiou,pgeorghioud5@timesonline.co.uk,123 Summerview Street,Xaysetha,,2024-03-27
475,Balduin Wilden,bwildend6@fastcompany.com,71939 Lindbergh Junction,Agbannawag,5103,2016-03-16
476,Bernie Yoselevitch,byoselevitchd7@sitemeter.com,467 Clyde Gallagher Pass,Nanling,,2022-11-11
477,Saunders Drews,sdrewsd8@woothemes.com,3 Bellgrove Hill,Helsingborg,252 45,2000-12-19
478,Nicolea Alvarado,nalvaradod9@mozilla.com,11 Onsgard Lane,Gamagōri,444-0701,2007-09-17
479,Bobbi Letch,bletchda@angelfire.com,1 Blackbird Circle,El Aguacate,40687,2017-04-19
480,Rickert Corssen,rcorssendb@weather.com,57882 Sundown Center,La Cuesta,,2023-09-03
481,Matthaeus Hinckley,mhinckleydc@elpais.com,16584 Magdeline Terrace,Qibu,,2024-10-10
482,Esmeralda Deppen,edeppendd@pinterest.com,6810 Ridgeview Hill,Wenxi,,2007-11-07
483,Moise Borrett,mborrettde@mozilla.org,8 Anhalt Parkway,Fajões,3700-660,2016-04-12
484,Patience Basini-Gazzi,pbasinigazzidf@apple.com,64397 Comanche Avenue,Zuocun,,2010-06-30
485,Mohammed Tomaszkiewicz,mtomaszkiewiczdg@businesswire.com,684 Ridgeview Place,Chyhyryn,,2024-12-29
486,Harwell Broyd,hbroyddh@dell.com,4320 Monica Road,Tanqiao,,2025-09-07
487,Gonzalo Northam,gnorthamdi@edublogs.org,3 Banding Road,Rizómilos,,2024-09-09
488,Anton Raiston,araistondj@reuters.com,9 Upham Plaza,Sainte-Geneviève-des-Bois,91709 CEDEX,2000-10-27
489,Nicolette Leere,nleeredk@miibeian.gov.cn,6 Cherokee Trail,Yingkeng,,2003-07-12
490,Harlen Eborall,heboralldl@java.com,44883 Russell Trail,Bayanhongor,,2024-09-20
491,Gayelord Clemenzi,gclemenzidm@bbb.org,64861 Prairie Rose Trail,Xin’an,,2002-11-27
492,Nady Hurnell,nhurnelldn@parallels.com,85 Lake View Center,Lom Sak,67110,2021-05-23
493,Jacqueline Drinkale,jdrinkaledo@mtv.com,5 Elmside Junction,Bandar-e Māhshahr,,2005-04-25
494,Jeanna Dellatorre,jdellatorredp@state.gov,8 Schiller Circle,Göteborg,411 00,2008-09-07
495,Madelena Stango,mstangodq@seattletimes.com,30747 Oxford Way,Tall aḑ Ḑamān,,2001-05-04
496,Geraldine Barry,gbarrydr@weather.com,5 Cottonwood Road,Kotanopan,,2008-09-29
497,Devinne Ritchman,dritchmands@comsenz.com,23 Marquette Circle,Yaruchel,,2015-10-07
498,Kerstin Bankhurst,kbankhurstdt@free.fr,5857 Laurel Pass,Bojongaren,,2023-12-20
499,Oriana Thurstance,othurstancedu@jiathis.com,163 Iowa Court,Astara,,2008-12-19
500,John O'Hengerty,johengertydv@skyrock.com,1 Gale Terrace,Fermoy,P61,2016-07-24
501,Cliff Djekic,cdjekicdw@google.co.jp,50494 Meadow Vale Alley,Dul’durga,687200,2025-10-22
502,Alwin Audus,aaudusdx@google.com.hk,611 Declaration Road,Árgos,,2009-09-14
503,Tasha Hacquoil,thacquoildy@bandcamp.com,56 Bay Trail,Staryy Saltiv,,2016-10-26
504,Brendis Lowin,blowindz@marketwatch.com,495 Debra Plaza,Saraza,2804,2014-01-14
505,Terrance Pylkynyton,tpylkynytone0@webeden.co.uk,5 Bellgrove Pass,Las Higueras,5385,2005-10-19
506,Adler Tappington,atappingtone1@blogger.com,87778 Dayton Lane,Gaotuan,,2011-07-10
507,Selestina Strauss,sstrausse2@stumbleupon.com,75 Talmadge Junction,Meiyuan Xincun,,2006-08-30
508,Flore Francescuzzi,ffrancescuzzie3@irs.gov,028 Vera Lane,Neuquén,8300,2007-11-03
509,Hewe Leefe,hleefee4@archive.org,00 Mayer Pass,Kristiansand S,4663,2024-07-14
510,Xenia Dimont,xdimonte5@patch.com,0014 Old Shore Terrace,Fangyan,,2008-03-03
511,Drusilla Growcock,dgrowcocke6@networkadvertising.org,782 Jenna Hill,San Jose,39266,2005-02-06
512,Candace Hernik,chernike7@nih.gov,8 Clyde Gallagher Parkway,Paris La Défense,92907 CEDEX,2022-03-20
513,Geri Odegaard,godegaarde8@furl.net,8738 Ryan Circle,Ploemeur,56274 CEDEX,2016-03-03
514,Baryram Fidilis,bfidilise9@businessinsider.com,6 Dovetail Avenue,Vestmanna,355,2005-05-08
515,Brittne Genge,bgengeea@seesaa.net,19171 Main Alley,Esmoriz,3885-395,2022-12-19
516,Starr Baudouin,sbaudouineb@miitbeian.gov.cn,4 Westridge Court,Áno Kómi,,2022-02-18
517,Dawna Attersoll,dattersollec@qq.com,972 Bowman Crossing,Huanggong,,2020-11-04
518,Mavis Whitworth,mwhitworthed@alibaba.com,212 Arapahoe Hill,San Juan,3611,2014-01-10
519,Astra Brettoner,abrettoneree@foxnews.com,037 Del Mar Point,Shatura,140704,2006-08-10
520,Trip Trainor,ttrainoref@dagondesign.com,64 Evergreen Court,Kebloran,,2002-02-26
521,Jodi Saltman,jsaltmaneg@ehow.com,30 Raven Alley,Angers,49066 CEDEX 01,2016-08-06
522,Lory Denisyev,ldenisyeveh@rambler.ru,44 Schlimgen Circle,Itápolis,14900-000,2008-06-05
523,Jerrilee Millican,jmillicanei@4shared.com,45 Northland Plaza,Sanbao,,2000-09-09
524,Silvanus Bridgestock,sbridgestockej@blogs.com,0585 Mockingbird Street,Sukarama,,2020-09-18
525,Tammy Pavolini,tpavoliniek@mediafire.com,964 Warrior Terrace,Segodim,2425-065,2015-11-16
526,Gussi Gershom,ggershomel@ed.gov,461 Holy Cross Lane,Sahline,,2022-09-26
527,Seth Aslie,saslieem@cam.ac.uk,1540 Loeprich Park,Yuracyacu,,2008-12-02
528,Rosana Westmoreland,rwestmorelanden@free.fr,5 Helena Junction,Ganping,,2006-11-06
529,Abel Arnall,aarnalleo@odnoklassniki.ru,21119 Transport Place,Uritsk,663594,2020-07-20
530,Rahel Hattrick,rhattrickep@soup.io,33 Golf View Avenue,Nanuque,39860-000,2012-05-26
531,Tarrance Banaszczyk,tbanaszczykeq@photobucket.com,650 Mosinee Junction,Garajati,,2020-04-05
532,Camala Sink,csinker@cbsnews.com,702 Ramsey Drive,Aconibe,,2021-08-30
533,Correy Coleshill,ccoleshilles@amazonaws.com,611 Northfield Court,Lairoka,,2016-07-24
534,Madelon Beeze,mbeezeet@topsy.com,7765 Thackeray Crossing,Bafoussam,,2018-04-30
535,Tiena Bigrigg,tbigriggeu@studiopress.com,09 Daystar Pass,Baizhang,,2012-03-20
536,Moishe Kidston,mkidstonev@discovery.com,972 Fremont Circle,Mora,792 92,2008-06-07
537,Grier Wyne,gwyneew@engadget.com,0101 Ilene Drive,Pimian,,2013-10-23
538,Emlyn Knyvett,eknyvettex@infoseek.co.jp,39 Stoughton Alley,Ugra,215435,2012-01-30
539,Marian Eggleston,megglestoney@over-blog.com,49 Vera Court,Wysoka,89-320,2014-12-28
540,Melony Charlotte,mcharlotteez@xinhuanet.com,8 Sutteridge Center,Selorejo,,2015-05-18
541,Cherilyn Dowsey,cdowseyf0@who.int,16 Sauthoff Hill,Kstovo,607676,2023-03-16
542,Tiffanie Jaray,tjarayf1@mozilla.org,6 Barby Lane,Ongkharak,55160,2018-11-25
543,Katherine Verbrugghen,kverbrugghenf2@noaa.gov,10 Kropf Junction,Daşoguz,,2004-12-08
544,Zackariah McGregor,zmcgregorf3@plala.or.jp,30734 Iowa Junction,Cipicung,,2008-07-12
545,Celestina Dorken,cdorkenf4@weather.com,09 Hoard Plaza,Makurazaki,898-0031,2004-12-08
546,Debor Noah,dnoahf5@microsoft.com,05211 John Wall Street,Aeteke,,2010-05-05
547,Bunni Luttgert,bluttgertf6@behance.net,06983 Bartillon Park,Pecatu,,2002-06-05
548,Hynda Parfitt,hparfittf7@toplist.cz,118 Fulton Park,High Point,27264,2019-06-23
549,Alric Rickesies,arickesiesf8@ebay.com,91438 Pennsylvania Terrace,Fengyi,,2014-11-04
550,Darb Ballston,dballstonf9@springer.com,816 Ryan Parkway,Nowshera,43261,2019-08-15
551,Melvin Wyldish,mwyldishfa@cafepress.com,364 Columbus Terrace,Qal‘at al Andalus,,2020-09-06
552,Heywood Fantin,hfantinfb@mac.com,1 Sachs Junction,Okinawa Número Uno,,2024-01-19
553,Ariela Surgood,asurgoodfc@nyu.edu,11753 Dapin Street,Fort Abbās,62021,2010-05-10
554,Calli Chaffey,cchaffeyfd@people.com.cn,4 Talisman Terrace,Gengma,,2000-05-26
555,Liv Boothebie,lboothebiefe@hatena.ne.jp,43828 Moulton Pass,Jardinópolis,14680-000,2016-03-22
556,Annalee Wallbrook,awallbrookff@berkeley.edu,01331 Farragut Crossing,Malaga,29015,2015-05-27
557,Shalom Snowball,ssnowballfg@people.com.cn,19 Gulseth Pass,Drenova,51301,2004-06-04
558,Ginni Astling,gastlingfh@google.com,00 Bayside Pass,Pires do Rio,75200-000,2007-10-14
559,Felita Sapseed,fsapseedfi@networksolutions.com,9 Hoepker Crossing,Shishan,,2012-07-20
560,Ermina Potticary,epotticaryfj@so-net.ne.jp,5454 Talmadge Parkway,Milton,L9T,2015-06-21
561,Lucille More,lmorefk@techcrunch.com,18721 Portage Parkway,Pyhäselkä,77580,2006-07-27
562,Nolan Greenrodd,ngreenroddfl@mlb.com,9715 Dapin Center,Novais,4765-122,2004-11-24
563,Faith Parsonage,fparsonagefm@furl.net,08088 Dahle Trail,Seixo da Beira,3405-425,2021-06-25
564,Anson Myers,amyersfn@ustream.tv,99921 Farragut Court,Itacorubi,88000-000,2016-10-31
565,Zaria Biasi,zbiasifo@huffingtonpost.com,54460 Farragut Parkway,Camabatela,,2021-08-14
566,Fidelio Longhurst,flonghurstfp@amazon.com,76 Loomis Court,Al Jaghbūb,,2016-12-06
567,Conrade Hamnett,chamnettfq@typepad.com,00 Forster Center,Penamacor,6090-511,2001-12-03
568,Estevan Satch,esatchfr@facebook.com,43 Kings Street,Lianozovo,443099,2013-02-12
569,Atlante Duchasteau,aduchasteaufs@home.pl,31 Kensington Junction,Taoyuan,,2004-03-21
570,Amalee Hulks,ahulksft@china.com.cn,87726 Chive Center,Sandefjord,3220,2016-11-30
571,Clareta Dalyell,cdalyellfu@mashable.com,9 Moulton Alley,Kulia Village,,2016-05-10
572,Towney Dancer,tdancerfv@w3.org,85298 Annamark Drive,Gechuan,,2000-01-07
573,Katha Ballaam,kballaamfw@geocities.jp,8 Pleasure Court,Gialo,,2016-04-05
574,Carly Scandroot,cscandrootfx@bbb.org,8 East Trail,Jingang,,2014-03-31
575,Marys Collumbell,mcollumbellfy@canalblog.com,3 Hazelcrest Trail,San Vicente,6419,2006-04-25
576,Hobart Filipson,hfilipsonfz@mashable.com,84 Pawling Place,Leiyang,,2016-09-29
577,Cassey Bedboro,cbedborog0@loc.gov,2293 Mayer Street,Songjianghe,,2014-05-07
578,Frank Fancet,ffancetg1@livejournal.com,4 Bunker Hill Avenue,Kemiri,,2000-05-11
579,Sheppard Clevely,sclevelyg2@ibm.com,0 Springview Pass,Marseille,13269 CEDEX 08,2013-05-04
580,Hamil Feyer,hfeyerg3@goo.ne.jp,2 Alpine Drive,Hangu,63001,2012-08-07
581,Felice Pesek,fpesekg4@disqus.com,50791 Kim Pass,Buena Esperanza,3454,2024-02-15
582,Benny Durbyn,bdurbyng5@oakley.com,46093 Golf Center,Chichinales,8326,2019-04-24
583,Hewie Gundry,hgundryg6@studiopress.com,8970 Novick Center,Perístasi,,2012-05-04
584,Ervin Cruddace,ecruddaceg7@telegraph.co.uk,64 Norway Maple Drive,Mhango,,2000-08-08
585,Wakefield Mirfield,wmirfieldg8@craigslist.org,679 Kenwood Crossing,Gujō,501-4455,2025-01-25
586,Adlai Gouge,agougeg9@mapy.cz,367 Carpenter Circle,Khuzdār,37251,2019-02-26
587,Carmelle Payley,cpayleyga@cbslocal.com,9 Grasskamp Trail,Arroyo Seco,41821,2020-03-31
588,Saul Vivien,sviviengb@miibeian.gov.cn,74425 Schiller Point,Slavonice,378 81,2019-09-06
589,Daloris Gamage,dgamagegc@ifeng.com,282 2nd Drive,Lapa do Lobo,3525-606,2008-11-09
590,Matelda Nicholas,mnicholasgd@surveymonkey.com,6164 Spohn Trail,Krandil,,2001-01-24
591,Casandra Dolton,cdoltonge@exblog.jp,980 Buhler Place,Ngama,,2003-05-29
592,Vasili Wanklin,vwanklingf@nhs.uk,6428 Village Plaza,Saint-Ouen,93584 CEDEX,2006-02-04
593,Maible Benoist,mbenoistgg@pinterest.com,7612 Grayhawk Drive,Pétange,L-8381,2000-12-02
594,Hubert Wiggam,hwiggamgh@intel.com,363 Bartillon Road,Međa,,2025-07-07
595,Lilla McNeilly,lmcneillygi@com.com,88543 Longview Center,Manisi,,2000-09-22
596,Sylvan Mavin,smavingj@taobao.com,2455 Hintze Hill,Grenoble,38014 CEDEX 1,2002-10-16
597,Scottie Ritchman,sritchmangk@ning.com,054 Waxwing Plaza,Senglea,ZTN,2005-11-17
598,Arlen Rabat,arabatgl@goo.ne.jp,56035 Forest Dale Alley,Echarate,,2015-03-13
599,Andonis Anders,aandersgm@accuweather.com,581 Coleman Plaza,Tucaní,,2008-06-17
600,Winna Blackie,wblackiegn@sakura.ne.jp,94 Fuller Point,Kemendung,,2005-01-26
601,Jasen Sowley,jsowleygo@engadget.com,6232 Bunting Street,Bình Thủy,,2013-04-02
602,Lona Arnott,larnottgp@auda.org.au,76 Mifflin Hill,Brejoeira,2860-310,2025-11-08
603,Harli Mantripp,hmantrippgq@usda.gov,767 Becker Drive,Cibalung,,2006-01-22
604,Hillary St. Leger,hstgr@storify.com,1466 6th Pass,Lewotukan,,2020-02-21
605,Roxi Staner,rstanergs@odnoklassniki.ru,5810 Monument Drive,Yingchengzi,,2012-05-21
606,Marissa Crass,mcrassgt@shutterfly.com,6693 North Place,Tangier,,2006-01-08
607,Zuzana Vernau,zvernaugu@skyrock.com,31318 Novick Alley,Tower,P31,2004-02-08
608,Thornie Brodeau,tbrodeaugv@bigcartel.com,34918 Service Pass,Huilong,,2011-04-27
609,Carmine Ruller,crullergw@studiopress.com,4 Gale Parkway,Zhulebino,140074,2015-10-18
610,Terry Savege,tsavegegx@histats.com,55270 Sunbrook Place,Cibingbin,,2019-03-25
611,Tallou Scargle,tscarglegy@chronoengine.com,88 Duke Trail,Non Narai,10160,2019-10-20
612,Darrin Beric,dbericgz@irs.gov,04540 Coleman Crossing,Zbrosławice,42-674,2010-07-11
613,Dehlia Gumley,dgumleyh0@ifeng.com,708 Erie Point,Verkhov’ye,303720,2020-02-21
614,Tisha Vigors,tvigorsh1@vimeo.com,23487 4th Way,Ust’-Kut,162176,2015-06-01
615,Mechelle Berney,mberneyh2@wired.com,2 Blue Bill Park Plaza,Bueng Kan,34140,2025-11-09
616,Leland McLelland,lmclellandh3@goo.ne.jp,7475 Steensland Hill,Midleton,P25,2025-08-31
617,Gerty Hellen,ghellenh4@toplist.cz,0 Lawn Street,Altavista,87900,2023-03-13
618,Clive Daouze,cdaouzeh5@youku.com,8 Bay Parkway,Seso,,2016-11-07
619,Merill Ellicock,mellicockh6@constantcontact.com,35 Bellgrove Court,Gaspar Hernández,11203,2011-02-12
620,Arlana Ongin,aonginh7@shutterfly.com,69 Garrison Circle,Houston,77085,2001-07-22
621,Tamra MacArthur,tmacarthurh8@microsoft.com,74 Basil Way,Tungoo,,2012-06-29
622,Morris Forte,mforteh9@tiny.cc,35 Delladonna Trail,Medina,39620-000,2014-11-20
623,Gerrie Leport,gleportha@gravatar.com,177 Buhler Crossing,Thai Charoen,55000,2020-07-20
624,Ethelda Shinn,eshinnhb@cloudflare.com,5750 Clarendon Point,Gornji Petrovci,9206,2010-06-09
625,Desirae Lamlin,dlamlinhc@feedburner.com,92 Kingsford Avenue,Jedlińsk,26-660,2015-05-15
626,Chicky Lammerding,clammerdinghd@dedecms.com,819 Kinsman Plaza,Novoukrayinka,,2020-12-29
627,Nelli Bough,nboughhe@theglobeandmail.com,2 Talisman Avenue,Acul du Nord,,2025-05-31
628,Pattie Rubinowicz,prubinowiczhf@theguardian.com,9219 Crescent Oaks Court,Xingzhen,,2017-03-06
629,Scottie Rodliff,srodliffhg@cyberchimps.com,5591 Raven Hill,Koygorodok,168170,2023-11-07
630,Julie Puig,jpuighh@ebay.co.uk,07 Miller Point,Berber,,2007-08-14
631,Hurley Aris,harishi@flickr.com,9 Norway Maple Hill,Kahuripan,,2010-01-12
632,Homere Stangoe,hstangoehj@purevolume.com,424 Moulton Plaza,Nogent-le-Rotrou,28404 CEDEX,2024-07-23
633,Cari Kinny,ckinnyhk@google.nl,66253 Ohio Road,Panikian,4327,2024-02-08
634,Vallie Ramage,vramagehl@gov.uk,29 Dennis Pass,Durrës,,2020-05-04
635,Adeline Knoles,aknoleshm@sciencedaily.com,3 Hauk Circle,Bandarlampung,,2003-04-15
636,Kathi Eddington,keddingtonhn@independent.co.uk,1384 Northwestern Pass,Tamandaré,55578-000,2022-02-17
637,Stepha Wolpert,swolpertho@hc360.com,1 Alpine Alley,Woippy,57148 CEDEX,2001-02-23
638,Tucky Janway,tjanwayhp@cpanel.net,164 Sunfield Center,Puerto Boyacá,155219,2013-07-01
639,Odele Gemson,ogemsonhq@squidoo.com,473 Merchant Terrace,Mouhijärvi,00171,2003-10-23
640,Bernadene Dench,bdenchhr@ucla.edu,92208 Pine View Terrace,Diang,,2011-02-26
641,Ted Fitchett,tfitchetths@mac.com,32 Amoth Lane,Estacion,3322,2024-05-08
642,Nyssa Cornborough,ncornboroughht@about.me,96829 Bellgrove Plaza,Sollefteå,881 86,2005-09-05
643,Kipper Shasnan,kshasnanhu@ucoz.ru,62801 Killdeer Way,Alvesta,342 80,2000-06-03
644,Stefania Petkens,spetkenshv@mapy.cz,96209 Crest Line Pass,Chapayevka,,2024-02-05
645,Keven Sarge,ksargehw@smh.com.au,137 Toban Road,Qingxi,,2018-05-11
646,Celesta Pavis,cpavishx@tinypic.com,899 New Castle Street,Pedro Leopoldo,33600-000,2025-11-10
647,Brita Spain-Gower,bspaingowerhy@addthis.com,28144 Del Sol Road,Kamalaputi,,2018-08-23
648,Templeton Marnes,tmarneshz@ucoz.ru,37056 Bonner Way,Bogorodsk,607605,2020-12-23
649,Aimil Lambourn,alambourni0@studiopress.com,350 Fairview Plaza,Sonsorol Village,,2006-06-07
650,Miguela Grimsdell,mgrimsdelli1@tumblr.com,62 Independence Court,Mường Nhé,,2022-05-27
651,Klarika Rosthorn,krosthorni2@rediff.com,627 Debra Road,Oleszyce,37-630,2004-10-06
652,Fallon Tregoning,ftregoningi3@narod.ru,8 Hermina Court,Jiaxian Chengguanzhen,,2004-02-10
653,Bink Monelle,bmonellei4@vkontakte.ru,94 Mockingbird Junction,Beima,,2010-01-23
654,Cassandry Bortoloni,cbortolonii5@slate.com,038 Grover Avenue,Date,949-8522,2017-02-14
655,Keefer Vannikov,kvannikovi6@alibaba.com,7642 Weeping Birch Street,Nerekhta,157812,2023-06-21
656,Nevil Dachey,ndacheyi7@yelp.com,094 Ryan Plaza,Maiyema,,2020-05-12
657,Wanda Dunbavin,wdunbavini8@mozilla.com,07021 Birchwood Circle,Jiuxian,,2001-11-24
658,Gabbey Garr,ggarri9@blogs.com,0 Daystar Plaza,Manturovo,307000,2019-10-25
659,Hammad McMurty,hmcmurtyia@arstechnica.com,0 Swallow Street,Baniachang,3350,2009-11-30
660,Tania Basnett,tbasnettib@unicef.org,25794 Moose Circle,Calinog,5040,2005-07-02
661,Cornelia Reeson,creesonic@theglobeandmail.com,909 Holy Cross Point,Fengyang,,2014-11-25
662,Chance Exelby,cexelbyid@addtoany.com,25286 Badeau Circle,Guarulhos,07000-000,2002-07-06
663,Ferdie Papachristophorou,fpapachristophorouie@hud.gov,7545 Anderson Point,Pampa Hermosa,,2006-12-14
664,Had Whitehorne,hwhitehorneif@independent.co.uk,134 Bellgrove Alley,Cagmanaba,8701,2014-11-30
665,Lenci Machel,lmachelig@diigo.com,507 Duke Plaza,Tuopu Luke,,2006-01-28
666,Mamie Lewtey,mlewteyih@mail.ru,6 Starling Lane,Gusinoozyorsk,671178,2013-02-01
667,Nickie Torrecilla,ntorrecillaii@goo.ne.jp,91640 Myrtle Parkway,Shwebo,,2001-12-12
668,Glenine McGarrie,gmcgarrieij@bluehost.com,60388 Schiller Drive,Angren,,2023-12-26
669,Ira Crossland,icrosslandik@tumblr.com,045 Caliangt Plaza,Mahébourg,,2005-04-02
670,Harald Escalante,hescalanteil@hc360.com,34 Monica Point,Stodolishche,216471,2025-06-05
671,Quintilla Jerzykiewicz,qjerzykiewiczim@yandex.ru,7771 Sullivan Court,Aghavnatun,,2003-03-08
672,Aluin Petrowsky,apetrowskyin@51.la,27 Huxley Drive,Newmarket on Fergus,P17,2003-05-16
673,Tedra Dallaway,tdallawayio@ycombinator.com,03687 Sundown Crossing,Chocos,,2024-03-28
674,Eal Riepl,erieplip@dailymotion.com,6 Luster Hill,Gaoping,,2018-01-13
675,Corny Yewdale,cyewdaleiq@google.com.br,35393 Dixon Lane,Liloan,6612,2025-10-11
676,Bobina Dudenie,bdudenieir@google.it,1 Golf Avenue,Carlton,DL8,2020-09-23
677,Edgardo Dougher,edougheris@plala.or.jp,0141 Browning Crossing,Ikang,,2001-06-15
678,Freddi Dibb,fdibbit@arizona.edu,9427 Graceland Terrace,Carbonear,A1Y,2017-01-03
679,Cynde Phaup,cphaupiu@mit.edu,163 Portage Point,Xinbu,,2012-06-12
680,Rodge Lanktree,rlanktreeiv@netscape.com,385 David Road,Toyooka,999-8316,2014-07-04
681,Angele Tsar,atsariw@apache.org,2453 Parkside Street,Guanay,,2013-07-26
682,Chauncey Gush,cgushix@cpanel.net,260 Mcbride Lane,Gaoxiang,,2020-04-23
683,De witt Kestell,dwittiy@nydailynews.com,242 North Junction,Tsarychanka,,2000-10-26
684,Linnell Rosenfelt,lrosenfeltiz@ustream.tv,191 Clemons Circle,Tây Đằng,,2005-09-05
685,Sharron Schrieves,sschrievesj0@last.fm,5086 Texas Point,Lokosovo,368814,2003-11-04
686,Stinky Kilfether,skilfetherj1@merriam-webster.com,57022 Vera Street,Bojano,84-208,2000-08-21
687,Jackson Bertelmot,jbertelmotj2@princeton.edu,2037 Susan Pass,Prilep,,2014-02-28
688,Coop Elstub,celstubj3@washingtonpost.com,4538 Knutson Alley,Wawa,5108,2019-11-28
689,Fredelia Dawidman,fdawidmanj4@engadget.com,51 La Follette Drive,Kalpáki,,2001-11-18
690,Michael Gedling,mgedlingj5@apple.com,431 Spenser Hill,Hoi,,2019-03-16
691,Dacie Manicom,dmanicomj6@xing.com,756 Mcguire Trail,Log,403060,2017-01-06
692,Davie Swarbrigg,dswarbriggj7@admin.ch,3383 Barby Terrace,Dagda,,2016-10-17
693,Ailina Neubigging,aneubiggingj8@goo.ne.jp,330 Moose Place,Itapecerica,35550-000,2017-12-27
694,Rafa Yardley,ryardleyj9@census.gov,64 Farmco Plaza,Asenovgrad,4219,2018-01-10
695,Averil Gladwin,agladwinja@eventbrite.com,97 Hauk Park,Vanderhoof,G9A,2011-08-16
696,Gray Coleshill,gcoleshilljb@webmd.com,74 Alpine Place,Épernay,51209 CEDEX,2007-02-16
697,Bobbie Wickerson,bwickersonjc@over-blog.com,26572 Rigney Parkway,Zhuhu,,2001-04-06
698,Devland Cutler,dcutlerjd@webnode.com,81378 Haas Park,Tambak,6217,2022-06-28
699,Lind Jimeno,ljimenoje@histats.com,24162 Prairieview Parkway,Nūbā,,2007-03-18
700,Gothart Craighead,gcraigheadjf@virginia.edu,6 Golf View Pass,Xijiadian,,2003-03-05
701,Robinetta Norcop,rnorcopjg@reference.com,14747 Anderson Road,Jiangkou,,2006-05-14
702,Langston Lovekin,llovekinjh@friendfeed.com,43043 Valley Edge Circle,São Roque,18130-000,2013-05-11
703,Rana Divina,rdivinaji@parallels.com,3 Anhalt Terrace,Rāvar,,2000-03-11
704,Briano Ickovic,bickovicjj@tinypic.com,0430 Cherokee Lane,Nanyue,,2012-11-28
705,Victoria Freear,vfreearjk@xing.com,91122 Darwin Terrace,Chom Bueng,70150,2021-11-09
706,Arnold Prowse,aprowsejl@multiply.com,4607 Oak Avenue,Sumuranyar,,2019-09-07
707,Germain Maes,gmaesjm@t-online.de,31 Merchant Parkway,Huangtan,,2025-03-28
708,Viviyan Dreinan,vdreinanjn@wikia.com,4 Granby Court,Boskovice,680 01,2019-04-04
709,Valery Spancock,vspancockjo@loc.gov,36 Schlimgen Place,Kudang,,2012-04-18
710,Shae Griggs,sgriggsjp@sourceforge.net,46020 Walton Road,Xincheng,,2021-04-19
711,Leland Dart,ldartjq@washingtonpost.com,661 Victoria Junction,Bamnet Narong,36160,2007-02-02
712,Kimbra Hickenbottom,khickenbottomjr@si.edu,089 Fairfield Court,Doug An,,2002-01-25
713,Clayborne Littlekit,clittlekitjs@discovery.com,29549 Schlimgen Pass,Linjiang,,2011-06-23
714,Harlin Philo,hphilojt@wordpress.com,8 Golden Leaf Alley,Cayenne,97341 CEDEX,2007-08-25
715,Gabie Gherardelli,ggherardelliju@cnbc.com,6831 Esch Terrace,Pieńsk,59-930,2011-02-22
716,Rica Feldhammer,rfeldhammerjv@tripod.com,751 Thierer Place,Artesianón,,2016-01-26
717,Jerald Ceaser,jceaserjw@epa.gov,98 Pine View Avenue,Xinxu,,2009-08-02
718,Birgit Whetton,bwhettonjx@yahoo.com,08 Dorton Avenue,Novoshakhtinskiy,692659,2017-03-24
719,Clem Beesley,cbeesleyjy@cafepress.com,1866 Pine View Drive,Chartres,28034 CEDEX,2009-07-20
720,Essie Dovermann,edovermannjz@printfriendly.com,0506 Orin Place,Xiliu,,2005-03-17
721,Hoyt Haslum,hhaslumk0@over-blog.com,4296 Lillian Parkway,Zhuhe,,2003-07-29
722,Perry Malmar,pmalmark1@mac.com,5 South Avenue,Ladysmith,V9G,2007-11-05
723,Cathie Imeson,cimesonk2@pbs.org,8 Vahlen Terrace,Lidingö,181 85,2024-04-10
724,Ulrich Blaver,ublaverk3@google.com,20246 Roth Road,Datong,,2012-08-27
725,Anna-diane Harvie,aharviek4@alexa.com,6526 Pankratz Alley,Suohe,,2010-11-08
726,Anthia Phillipp,aphillippk5@theguardian.com,16480 High Crossing Park,Torslanda,423 43,2005-08-21
727,Jocelyne Cyphus,jcyphusk6@mtv.com,69 Almo Parkway,Lumby,P7L,2005-09-13
728,Nerissa Caldeyroux,ncaldeyrouxk7@usatoday.com,4 Waubesa Plaza,Bang Sao Thong,10560,2015-06-07
729,Niko Hughes,nhughesk8@wp.com,2606 Forest Run Park,Barmash,,2001-09-02
730,Ashby Painswick,apainswickk9@rediff.com,59540 Fuller Lane,Thị Trấn Vạn Hà,,2006-02-20
731,Barby Ferrant,bferrantka@friendfeed.com,97685 Hanson Lane,Thessaloníki,,2013-04-21
732,Kaylil Hrishchenko,khrishchenkokb@webeden.co.uk,9 Luster Park,Железный порт,,2022-07-11
733,Flemming Hattoe,fhattoekc@taobao.com,0 Dahle Center,Casigua El Cubo,,2011-11-11
734,Greggory Olyonov,golyonovkd@pinterest.com,5 Lukken Pass,Madīnat Sittah Uktūbar,,2018-09-05
735,Randell Bathoe,rbathoeke@washingtonpost.com,18 Hermina Center,Mayenne,53104 CEDEX,2001-08-29
736,Mela Swindle,mswindlekf@parallels.com,6461 Utah Street,Marína,,2016-10-03
737,Natala Sheed,nsheedkg@ustream.tv,5 Spenser Way,Cerro Azul,3313,2000-10-19
738,Wren Malley,wmalleykh@51.la,72 Park Meadow Trail,Tanghu,,2016-04-19
739,Bellanca Corde,bcordeki@xinhuanet.com,09 Buena Vista Road,Moshkovo,633130,2020-02-15
740,Major Robbel,mrobbelkj@google.it,8 Lawn Hill,Kota Kinabalu,88788,2004-07-11
741,Hedvig Heeps,hheepskk@ucsd.edu,107 Lake View Avenue,Gambarjati,,2025-07-08
742,Rafaela Spacey,rspaceykl@yandex.ru,8436 Graceland Parkway,Maştağa,,2016-07-14
743,Suzette Learned,slearnedkm@ihg.com,05 Fair Oaks Road,Tsiatsan,,2020-02-29
744,Kurt Franklyn,kfranklynkn@ed.gov,9146 Florence Place,Haolin,,2003-05-07
745,Yorgo Castella,ycastellako@state.gov,17217 Anhalt Alley,Dembeni,97660,2013-08-22
746,Guinna Mollene,gmollenekp@facebook.com,1758 Arrowood Street,Rendui,,2015-10-08
747,Lorry Humberston,lhumberstonkq@infoseek.co.jp,97561 Hintze Center,Telagaselaba,,2015-07-30
748,Phaidra Relfe,prelfekr@soundcloud.com,02294 Helena Alley,Bao’an,,2006-12-09
749,Ava Tovey,atoveyks@samsung.com,64423 Gateway Drive,Velykyi Bereznyi,,2007-01-05
750,Barby Fossey,bfosseykt@creativecommons.org,0 Packers Hill,Kostinbrod,2259,2009-05-25
751,Durant Meah,dmeahku@over-blog.com,434 Heffernan Terrace,Patimuan,,2005-09-22
752,Chrissie Vicent,cvicentkv@wunderground.com,4 Prairie Rose Lane,Shadui,,2015-12-11
753,Genia Fermin,gferminkw@nytimes.com,18533 Ohio Junction,Bolesławiec,98-430,2021-04-25
754,Farrel Burfoot,fburfootkx@dedecms.com,0 Crest Line Hill,Krasnoshchekovo,658343,2011-12-30
755,Sholom Lelande,slelandeky@yahoo.co.jp,1 Eastlawn Avenue,Karak,65031,2018-07-31
756,Abagael Robatham,arobathamkz@de.vu,332 Karstens Hill,Dapdap,5402,2015-09-19
757,Keslie Goymer,kgoymerl0@storify.com,87587 Evergreen Terrace,Yandian,,2008-08-01
758,Ethe Curedale,ecuredalel1@theguardian.com,0853 Annamark Drive,Independencia,70630,2001-11-16
759,Evangelin Hutt,ehuttl2@nydailynews.com,6596 Susan Lane,Chenzui,,2006-03-18
760,Cordy Huggens,chuggensl3@howstuffworks.com,2 Norway Maple Lane,Xianyan,,2002-11-11
761,Dunc Guilliatt,dguilliattl4@blogs.com,413 Haas Plaza,Borovan,3078,2005-10-03
762,Lauretta Posselwhite,lposselwhitel5@macromedia.com,62 Magdeline Place,Shūkat aş Şūfī,,2025-11-07
763,Debby Chadderton,dchaddertonl6@last.fm,148 Ridgeway Crossing,Krapina,49000,2004-07-02
764,Emmett Lodovichi,elodovichil7@moonfruit.com,9 Golf Place,Caldas das Taipas,4805-081,2003-06-15
765,Eirena Tolworth,etolworthl8@joomla.org,7 Thackeray Avenue,São Roque,9500-701,2005-05-16
766,Jamey Baxandall,jbaxandalll9@ft.com,95767 Claremont Terrace,Jiuli,,2005-05-08
767,Ron Iwanowski,riwanowskila@blogger.com,0545 Browning Way,Dingjia,,2011-09-16
768,Nobie Ianno,niannolb@instagram.com,56582 Old Shore Avenue,Suzano,08600-000,2019-08-03
769,Doralin Midlane,dmidlanelc@tripod.com,9161 Laurel Junction,Qal‘ah-ye Na‘īm,,2018-02-19
770,Marie Hexter,mhexterld@whitehouse.gov,848 Barnett Drive,Ciudian,,2004-03-11
771,Emanuel Dundon,edundonle@buzzfeed.com,48 Heffernan Street,Megati Kelod,,2019-09-14
772,Jarrad Pottery,jpotterylf@state.gov,6 Monument Street,Maguwon,,2005-12-13
773,Katlin Reddell,kreddelllg@cdbaby.com,8770 Marquette Drive,Al ‘Ashshah,,2015-09-29
774,Sol Oldman,soldmanlh@163.com,94 Dakota Court,Tô Hạp,,2023-12-17
775,Lamar Matchell,lmatchellli@hubpages.com,0 Northfield Park,Arboleda,521508,2005-04-14
776,Dougy Humber,dhumberlj@lulu.com,6 Heath Junction,Zhenlai,,2002-09-25
777,Gusta Scamwell,gscamwelllk@youtube.com,6685 Nobel Avenue,Confey,A86,2014-05-23
778,Ariana Carrabot,acarrabotll@rambler.ru,726 Lawn Terrace,Huayuan,,2025-08-29
779,Nadya Murricanes,nmurricaneslm@fotki.com,9 Morrow Place,Žiežmariai,56017,2012-09-29
780,Max Civitillo,mcivitilloln@imdb.com,759 Coleman Junction,Orléans,45933 CEDEX 9,2011-08-19
781,Mack Starkie,mstarkielo@nationalgeographic.com,74 Muir Street,Rozhnyativ,,2020-05-15
782,Brockie Goldstein,bgoldsteinlp@ocn.ne.jp,62538 Autumn Leaf Crossing,Chendong,,2014-04-16
783,Amelina Alderwick,aalderwicklq@samsung.com,35 Prairie Rose Plaza,Capioví,3334,2014-08-30
784,Temple Tanguy,ttanguylr@free.fr,95629 Sunnyside Alley,Maquiapo,2007,2003-09-03
785,Sigismondo Longmire,slongmirels@forbes.com,59 Mitchell Terrace,Nanhe,,2023-01-21
786,Patsy Elam,pelamlt@reference.com,745 Clove Center,Dingqing,,2021-05-06
787,Ebony Tschirschky,etschirschkylu@sourceforge.net,2 Moland Circle,Nedryhayliv,,2010-07-16
788,Wilek Bladge,wbladgelv@tripadvisor.com,516 Cottonwood Drive,Pikalëvo,187600,2018-10-06
789,Terrill Bellringer,tbellringerlw@moonfruit.com,8 Hoard Plaza,Moulins,03006 CEDEX,2011-05-20
790,Gardie Staddom,gstaddomlx@cnet.com,4757 Huxley Drive,Shuitai,,2023-06-13
791,Dulcy Taberner,dtabernerly@biblegateway.com,14 Morrow Street,Nanam,,2004-07-22
792,Ysabel Mellon,ymellonlz@cyberchimps.com,7035 Southridge Parkway,Cipaku,,2014-04-21
793,Irina Binestead,ibinesteadm0@nifty.com,953 Moulton Pass,Yuhe,,2015-07-28
794,Willie MacCart,wmaccartm1@cdbaby.com,3512 Heath Lane,Cabanaconde,,2005-03-22
795,Frannie Mansell,fmansellm2@sogou.com,3133 Harbort Center,E’zhou,,2015-08-03
796,Karlen Croydon,kcroydonm3@umich.edu,72667 American Junction,Straszyn,83-010,2021-01-06
797,Keriann Lill,klillm4@bloglovin.com,79791 Shoshone Terrace,Banqiao,,2006-03-30
798,Olga Hagart,ohagartm5@ocn.ne.jp,621 Ronald Regan Plaza,Baláo,,2007-01-28
799,Kristofer Henzer,khenzerm6@bizjournals.com,1961 Fordem Place,Komyshnya,,2019-10-26
800,Antoinette Joseph,ajosephm7@skyrock.com,24741 Sheridan Court,Lyubashivka,,2007-02-22
801,Madelene Deluze,mdeluzem8@mashable.com,81 Holmberg Place,Utarapasar,,2022-09-28
802,Valida Eakle,veaklem9@typepad.com,9 Esker Plaza,Straszyn,83-010,2006-07-17
803,Morley Smiz,msmizma@themeforest.net,02 Homewood Plaza,Nueva Ocotepeque,,2001-08-24
804,Roman Covell,rcovellmb@opera.com,46238 Canary Place,Fangcun,,2010-05-25
805,Donna Dorricott,ddorricottmc@tinyurl.com,187 Carberry Plaza,Abengourou,,2024-02-09
806,Stephani Robart,srobartmd@amazon.co.jp,7991 Randy Hill,Atocha,,2016-08-30
807,Adelina Gummory,agummoryme@bravesites.com,003 Canary Lane,Itabaianinha,49290-000,2017-11-27
808,Duff Stather,dstathermf@trellian.com,9 Bayside Circle,Žďár,679 02,2018-12-28
809,Simon Syddie,ssyddiemg@wordpress.org,41280 Muir Drive,Povarovo,141540,2021-02-22
810,Gwyneth Choupin,gchoupinmh@linkedin.com,3794 Fremont Pass,Itzer,,2019-05-07
811,Ferrel Wheaton,fwheatonmi@eepurl.com,776 Lakewood Street,Willemstad,,2014-01-05
812,Reyna Celes,rcelesmj@sciencedirect.com,72 Towne Way,Huangcun,,2013-12-07
813,Grantley Lombardo,glombardomk@lycos.com,308 Melby Avenue,Kaleybar,,2007-01-14
814,Catha Dunbavin,cdunbavinml@printfriendly.com,183 Eagle Crest Point,Åby,616 32,2014-09-13
815,Tuckie Axten,taxtenmm@bloomberg.com,5668 Manufacturers Court,Jingxiyuan,,2003-08-13
816,Gladi Misken,gmiskenmn@a8.net,99 Talmadge Center,New Iloilo,8710,2009-11-30
817,Burt Vickars,bvickarsmo@constantcontact.com,41 Melody Junction,Guishan,,2003-05-18
818,Piggy Fairley,pfairleymp@wiley.com,70435 David Trail,Pelotas,96000-000,2006-06-02
819,Alexandre Vlasenko,avlasenkomq@redcross.org,428 Cascade Pass,Matozinhos,35720-000,2020-06-22
820,Mozes Jodlkowski,mjodlkowskimr@de.vu,133 Roth Street,Subotica,,2018-04-19
821,Lynette Aland,lalandms@amazon.co.uk,37 Schmedeman Avenue,Lammi,16901,2009-07-24
822,Chad Brehaut,cbrehautmt@pcworld.com,7678 1st Center,Kuantan,25676,2004-11-22
823,Waylin MacIntyre,wmacintyremu@npr.org,4 Randy Junction,Cassanayan,5018,2009-02-08
824,Leonhard Lamburne,llamburnemv@hp.com,3 Talisman Trail,Denyshi,,2002-09-18
825,Sergent Poel,spoelmw@addthis.com,96862 Burning Wood Plaza,Berestechko,,2013-03-19
826,Allard Cockill,acockillmx@discuz.net,9039 Lotheville Circle,Besançon,25057 CEDEX,2005-06-30
827,Renato Ucchino,rucchinomy@youtube.com,92 Donald Circle,Berck,62604 CEDEX,2000-11-27
828,Mannie Kelberer,mkelberermz@amazon.com,31 Drewry Hill,Újezd,789 85,2015-05-08
829,Clayborn Figge,cfiggen0@bluehost.com,40896 Elgar Pass,Tower,P31,2004-12-03
830,Chiarra Anshell,canshelln1@illinois.edu,3252 Butterfield Circle,Naka,999-0601,2023-09-06
831,Lucas Askem,laskemn2@parallels.com,073 Petterle Place,Müllendorf,L-8295,2018-03-12
832,Norrie O'Deegan,nodeegann3@altervista.org,83545 Fairview Road,Okrouhlice,582 31,2016-01-25
833,Alis Scimoni,ascimonin4@mit.edu,9771 Arkansas Street,Xilu,,2023-02-14
834,Conrado Santello,csantellon5@edublogs.org,436 Grasskamp Center,Ryazanskiy,671834,2011-10-10
835,Sidoney Goning,sgoningn6@alibaba.com,23 Jackson Circle,Dongming,,2009-09-17
836,Dwain Ofen,dofenn7@sitemeter.com,58 Hermina Parkway,Krajan,,2002-09-05
837,Laney Cocking,lcockingn8@e-recht24.de,94 Springs Road,Mainque,8326,2014-01-21
838,Polly Anersen,panersenn9@dagondesign.com,0612 Buhler Park,Kabul,,2012-10-31
839,Kore Cavan,kcavanna@columbia.edu,355 1st Point,‘Afrīn,,2012-09-17
840,Edwin Ondrak,eondraknb@time.com,09996 Schmedeman Street,Sicaya,,2010-07-31
841,Catha Tarney,ctarneync@irs.gov,10726 Algoma Drive,Filipstad,682 33,2015-09-08
842,Darren Huws,dhuwsnd@ebay.com,7 Annamark Avenue,Mtimbira,,2003-08-11
843,Billye Lingwood,blingwoodne@bloglovin.com,0634 Anniversary Place,Yangirabot,,2022-04-19
844,Madeline Ellicock,mellicocknf@si.edu,01154 Grover Place,Saltsjö-Boo,132 30,2021-02-16
845,Matthias Stockford,mstockfordng@ihg.com,7 Welch Terrace,Mae Chan,57110,2020-12-02
846,Gilburt Leaver,gleavernh@fema.gov,0580 Orin Park,Xinshi,,2000-07-14
847,Vivyan Skrines,vskrinesni@google.pl,0749 Mariners Cove Place,Montpellier,34032 CEDEX 1,2002-11-18
848,Haskel Chestle,hchestlenj@printfriendly.com,6269 Novick Avenue,Venustiano Carranza,30171,2013-05-18
849,Garfield Braycotton,gbraycottonnk@woothemes.com,5 Harbort Alley,Fujiayan,,2008-03-26
850,Vail McNickle,vmcnicklenl@addthis.com,2 Hintze Point,Fresnes,94269 CEDEX,2017-03-26
851,Daisi Boothebie,dboothebienm@forbes.com,1923 Lotheville Street,Ocucaje,,2014-01-26
852,Wren Dillistone,wdillistonenn@deliciousdays.com,06289 Crownhardt Center,Quarteira,8125-012,2020-05-01
853,Rozalie Yurshev,ryurshevno@earthlink.net,6181 Randy Parkway,Guanzhou,,2023-04-01
854,Dionne Titterington,dtitteringtonnp@oaic.gov.au,9330 Packers Circle,Jinghong,,2012-06-14
855,Conrado Wicklin,cwicklinnq@indiatimes.com,92 Farragut Junction,Vũng Tàu,,2013-11-20
856,Huntlee Archanbault,harchanbaultnr@ifeng.com,46 Bartillon Point,Adassil,,2004-08-15
857,Fawne Darmody,fdarmodyns@mtv.com,7 Stuart Way,Qiying,,2014-02-16
858,Adan Fountaine,afountainent@loc.gov,92 Roth Point,Stryszów,34-146,2023-10-02
859,Lynna Janacek,ljanaceknu@tripadvisor.com,04831 Sutteridge Road,Khelyulya,186793,2007-11-05
860,Haskel Mingasson,hmingassonnv@samsung.com,91809 Acker Place,Banjarmasin,,2024-10-06
861,Laryssa Butler,lbutlernw@squidoo.com,198 Hollow Ridge Place,Panganiban,4806,2006-01-17
862,Lidia Itzkovwitch,litzkovwitchnx@wordpress.org,431 Schiller Point,Leping,,2009-07-19
863,Ashla Leftridge,aleftridgeny@google.com.au,7095 Carey Circle,Don Chedi,72170,2025-03-09
864,Edyth Halbord,ehalbordnz@eventbrite.com,59 Roth Way,Oelui,,2013-04-21
865,Sigfrid Burgne,sburgneo0@addtoany.com,225 Lawn Way,Dukhovnitskoye,413900,2003-11-04
866,Connor Joiner,cjoinero1@addthis.com,26939 Commercial Parkway,Радовиш,2423,2020-04-24
867,Aldwin McIver,amcivero2@businessinsider.com,26965 Westport Park,Khamyāb,,2023-04-08
868,Patsy Vigours,pvigourso3@blog.com,03 Holy Cross Terrace,Qingqu,,2017-12-22
869,Onfroi Shoorbrooke,oshoorbrookeo4@aboutads.info,66291 Nobel Point,Kubangwaru,,2025-07-22
870,Brunhilde Tidbury,btidburyo5@woothemes.com,70 Hallows Avenue,Ursk,242467,2007-04-13
871,Dave Rutt,drutto6@amazon.de,3564 Vera Avenue,Praia da Barra,3830-752,2023-02-21
872,Lari Lewsy,llewsyo7@opera.com,8310 4th Pass,Tumpukrenteng,,2006-01-03
873,Isadore Amyes,iamyeso8@canalblog.com,57867 Algoma Court,Bagumbayan,9810,2015-04-09
874,Ferrel Sprague,fspragueo9@meetup.com,9 Haas Pass,Guaymango,,2019-10-03
875,Lisetta Meindl,lmeindloa@cisco.com,69 Browning Crossing,Huayacundo Arma,,2017-12-20
876,Helaina Halshaw,hhalshawob@1688.com,6 Kings Circle,Zhukovskiy,142143,2009-05-06
877,Carey Burford,cburfordoc@tiny.cc,964 Buell Avenue,Tagasilay,4435,2004-02-24
878,Della Dorey,ddoreyod@businessweek.com,58 Hazelcrest Alley,Houston,77070,2021-01-09
879,Dud Rothschild,drothschildoe@ucla.edu,84507 Duke Way,Capellanía,,2020-01-19
880,Fidelio Camosso,fcamossoof@earthlink.net,688 Arapahoe Crossing,Béja,,2013-10-31
881,Norbie Scrowton,nscrowtonog@netvibes.com,6933 Mayfield Parkway,Portelinha,4950-850,2010-03-02
882,Owen Clowton,oclowtonoh@msn.com,1 Lighthouse Bay Pass,Västra Frölunda,421 46,2002-02-11
883,Vivian Towriss,vtowrissoi@biblegateway.com,4297 Eastwood Circle,Pristina,,2009-06-26
884,Jeffy Ponte,jponteoj@paginegialle.it,5805 Boyd Circle,Turangi,3382,2020-03-09
885,Opaline Probin,oprobinok@studiopress.com,488 American Ash Street,Dundee,3081,2018-05-01
886,Billy Drinkel,bdrinkelol@xinhuanet.com,7093 Monument Place,Kedatuan,,2025-06-28
887,Cher Bummfrey,cbummfreyom@360.cn,64 Crownhardt Hill,Tabio,2608,2015-07-04
888,Terza Tunnacliffe,ttunnacliffeon@nymag.com,3 Shoshone Center,Kampungtengah,,2003-11-15
889,Georgeanne Bernardet,gbernardetoo@patch.com,9967 Goodland Place,Mitaka-shi,202-0022,2000-06-07
890,Lynnell Chessor,lchessorop@springer.com,927 Eggendart Drive,Waco,76796,2024-04-12
891,Ardenia Drewet,adrewetoq@clickbank.net,2 Express Pass,Fontinha,3060-323,2004-03-24
892,Cally Pimley,cpimleyor@altervista.org,5 Fair Oaks Lane,El Playón,687509,2011-09-02
893,Katharine Rankling,kranklingos@indiegogo.com,964 School Terrace,Valle San Francisco,,2001-12-21
894,Arlee Ruppelin,aruppelinot@dell.com,8247 Moulton Way,Šenčur,4208,2018-09-08
895,Michelina Costy,mcostyou@networksolutions.com,1704 Mayfield Trail,Rambatan,,2001-05-15
896,Eziechiele Alban,ealbanov@squidoo.com,07 Grasskamp Drive,Sabtang,3904,2013-08-26
897,Sasha Feldheim,sfeldheimow@seattletimes.com,51592 Comanche Place,Tala,,2017-08-07
898,Ainslie Bedrosian,abedrosianox@bbb.org,7 Ramsey Alley,Sremska Mitrovica,,2000-06-05
899,Kelli Aaronson,kaaronsonoy@engadget.com,0369 Eastlawn Lane,Caldas da Rainha,2500-070,2021-04-29
900,Corney Unger,cungeroz@webs.com,08621 Manufacturers Center,San Juan,30540,2005-05-16
901,Christian Coode,ccoodep0@smugmug.com,4 Drewry Plaza,Tanggung,,2012-12-23
902,Janean Pistol,jpistolp1@google.com.hk,19293 Independence Junction,Kedungsinggil,,2016-05-12
903,Darrick Blas,dblasp2@joomla.org,97 Golf Course Plaza,Zhongshan,,2003-03-03
904,Skippie Jackes,sjackesp3@edublogs.org,691 Bunker Hill Court,Néa Palátia,,2004-01-14
905,Nev Chamberlen,nchamberlenp4@gov.uk,55202 Mccormick Parkway,Harper,,2022-04-23
906,Milena Raikes,mraikesp5@prlog.org,806 Butternut Crossing,Sabana Grande de Boyá,10136,2016-04-02
907,Nydia Elmar,nelmarp6@fda.gov,3961 International Pass,Puqian,,2002-11-17
908,Bobine Mayhew,bmayhewp7@dagondesign.com,88 Alpine Circle,Ruukki,92401,2008-04-11
909,Kalil Sporle,ksporlep8@naver.com,46 Delaware Plaza,Kara Suu,,2013-11-17
910,Lek Weddup,lweddupp9@un.org,904 Lake View Court,Paragominas,68625-000,2021-07-07
911,Donny Foyle,dfoylepa@nature.com,03897 Westridge Pass,Shuangyang,,2013-12-23
912,Elmore Bewly,ebewlypb@wiley.com,9322 Straubel Park,Yinhe,,2022-11-30
913,Welsh McGillicuddy,wmcgillicuddypc@odnoklassniki.ru,8 Northland Parkway,Guadalupe,,2006-03-25
914,Craig Larrad,clarradpd@joomla.org,4 Debs Lane,Salerno,84135,2004-09-04
915,Milzie Nobriga,mnobrigape@skype.com,6 Ramsey Lane,Changyŏn,,2006-09-23
916,Marina Benny,mbennypf@gizmodo.com,64 Elmside Center,Luthu,,2002-01-11
917,Arty England,aenglandpg@squarespace.com,19635 Eagle Crest Alley,Maumere,,2023-07-27
918,Carling Milsom,cmilsomph@i2i.jp,3 Schmedeman Trail,Mae Sai,57130,2021-10-24
919,Marthena Kitto,mkittopi@nature.com,4 New Castle Park,Lille,59859 CEDEX,2014-01-07
920,Berrie Depka,bdepkapj@drupal.org,84 Straubel Road,Niitsu-honchō,959-1855,2019-04-01
921,Zia Mosley,zmosleypk@is.gd,67 Sheridan Drive,Sarandë,,2004-04-04
922,Wiatt Kettridge,wkettridgepl@liveinternet.ru,4181 Eastlawn Alley,Jaguariaíva,84200-000,2012-02-22
923,Karee Theobalds,ktheobaldspm@guardian.co.uk,88934 Packers Lane,Coalaque,,2024-09-16
924,Hollie Sleep,hsleeppn@stumbleupon.com,2320 Westend Plaza,Dushk,,2023-11-09
925,Kendall Toppin,ktoppinpo@netvibes.com,63925 Graedel Pass,Chalaco,,2009-04-16
926,Ag Bunten,abuntenpp@photobucket.com,77 Hoffman Terrace,Dafeng,,2010-03-13
927,Wilhelmina Ducarne,wducarnepq@biblegateway.com,5 Elgar Alley,Anyar,,2023-07-20
928,Geri Grolmann,ggrolmannpr@ucoz.ru,22 Lerdahl Trail,Kyparissía,,2013-11-06
929,Inessa Prantl,iprantlps@tamu.edu,975 Annamark Crossing,Tres Unidos,,2008-02-22
930,Arlena Beere,abeerept@reference.com,6375 Mendota Pass,Rogóźno,86-318,2000-04-08
931,Aubrie Spottiswood,aspottiswoodpu@so-net.ne.jp,90223 Texas Terrace,Lebak,,2022-08-19
932,Winslow Derrick,wderrickpv@ehow.com,9 Meadow Ridge Crossing,Long Layu,,2009-01-27
933,Ema Goodding,egooddingpw@zdnet.com,5944 Huxley Avenue,Bayan,,2011-09-11
934,Marigold Olifaunt,molifauntpx@gravatar.com,58312 Westridge Parkway,Jianqiao,,2023-10-23
935,Erminie Palfreyman,epalfreymanpy@sfgate.com,252 Monica Terrace,Morangis,91424 CEDEX,2004-02-21
936,Arte Galego,agalegopz@npr.org,2 Bartillon Lane,Södertälje,151 52,2016-04-06
937,Brigg Hendrix,bhendrixq0@pagesperso-orange.fr,6 Mayfield Junction,Yanshan,,2025-11-22
938,Tedmund Hadye,thadyeq1@ibm.com,33 Waywood Lane,Pasadena,91117,2007-09-18
939,Herb Eilers,heilersq2@uol.com.br,32140 School Road,Caála,,2024-11-04
940,Rosamund Hunstone,rhunstoneq3@parallels.com,48094 Graceland Point,Haokou,,2012-01-16
941,Lyn Huett,lhuettq4@taobao.com,31 Crescent Oaks Avenue,Camindangan,7015,2000-04-10
942,Boigie Bastie,bbastieq5@sciencedaily.com,5 Miller Plaza,Kilkís,,2013-11-20
943,Blair Marin,bmarinq6@omniture.com,753 Loeprich Drive,Nandulehe,,2016-07-14
944,Giulia Snoxell,gsnoxellq7@gizmodo.com,35355 Clemons Trail,La Rochelle,17024 CEDEX 1,2024-06-06
945,Sisile Jeste,sjesteq8@arstechnica.com,15716 Florence Trail,Tunzhai,,2018-05-18
946,Conni Mattosoff,cmattosoffq9@shop-pro.jp,14 Del Mar Circle,Kup,46-082,2001-05-08
947,Georgiana Grosvener,ggrosvenerqa@uiuc.edu,4168 Lillian Plaza,Carmen,9408,2007-12-25
948,Jaclin Wasielewski,jwasielewskiqb@feedburner.com,04 Hintze Junction,Sozopol,8131,2013-01-06
949,Cherey Torbett,ctorbettqc@nhs.uk,74 Oxford Road,Mitzpe Ramon,,2010-05-16
950,Jorey Ghidetti,jghidettiqd@purevolume.com,79156 Havey Drive,Basyūn,,2017-08-02
951,Bride Jenking,bjenkingqe@ebay.co.uk,98 Buhler Trail,Xuri,,2013-05-12
952,Edwina Paynter,epaynterqf@google.cn,2583 Portage Center,Jiuli,,2010-01-12
953,Waldon Probbings,wprobbingsqg@xrea.com,093 Monument Court,Jiulong,,2005-02-06
954,Maynard Ericsson,mericssonqh@nbcnews.com,98 Drewry Parkway,Bao’an,,2007-02-06
955,Maurise Codling,mcodlingqi@rambler.ru,5 Vera Pass,Norrköping,605 93,2005-12-19
956,Layney Beardsell,lbeardsellqj@nationalgeographic.com,138 Vermont Avenue,Thanh Khê,,2024-12-27
957,Menard Pittam,mpittamqk@blog.com,24 Nelson Court,Sukamulya,,2011-05-02
958,Rose Jell,rjellql@reuters.com,9089 Independence Road,Puning,,2025-09-27
959,Jacob Colbridge,jcolbridgeqm@macromedia.com,306 5th Trail,Etten-Leur,4874,2010-05-23
960,Evey Nice,eniceqn@bizjournals.com,06 Saint Paul Alley,Liancheng,,2014-10-12
961,Jacquelyn Ingall,jingallqo@smh.com.au,993 Hermina Plaza,Neietsu,,2011-12-10
962,Bertine Maslen,bmaslenqp@lulu.com,39 Cordelia Junction,Limanowa,34-651,2022-05-02
963,Kenn Abbs,kabbsqq@xrea.com,7 Erie Street,Kurba,150534,2008-09-03
964,Joycelin Pimerick,jpimerickqr@vimeo.com,1440 Dawn Lane,Dimona,,2007-04-12
965,Lynnea Hassett,lhassettqs@berkeley.edu,01 Shoshone Place,Romorantin-Lanthenay,41204 CEDEX,2005-02-14
966,Harlie Kynd,hkyndqt@skyrock.com,4119 Morningstar Pass,Baculin,1060,2006-04-14
967,Sheffy Ethersey,setherseyqu@topsy.com,9 Blue Bill Park Point,Xueshan,,2025-04-23
968,Leonardo Carnihan,lcarnihanqv@columbia.edu,67 Morrow Place,Dhamār,,2016-10-26
969,Corey Govett,cgovettqw@ihg.com,4764 East Street,Wageningen,6709,2015-12-18
970,Ravi Maha,rmahaqx@stumbleupon.com,07 Village Green Plaza,Yuanping,,2010-03-19
971,Siffre Escalera,sescaleraqy@apache.org,969 Farragut Street,Dundbürd,,2009-11-11
972,Arlen Harkus,aharkusqz@rakuten.co.jp,31113 Reinke Center,Longtan,,2018-11-16
973,Joli Vasyunin,jvasyuninr0@xinhuanet.com,7476 Crowley Way,Carlos Casares,6530,2011-02-18
974,Bradford Ahlin,bahlinr1@ted.com,17092 Bonner Lane,Al Bīrah,,2020-10-22
975,Powell Valero,pvaleror2@miitbeian.gov.cn,780 Hermina Park,Ovsyanka,216282,2014-12-14
976,Merrielle McNeachtain,mmcneachtainr3@weather.com,7 Pond Center,Kolyshley,442830,2000-06-10
977,Ezri Colling,ecollingr4@boston.com,7 Warbler Street,Guanting,,2001-08-10
978,Abel Burness,aburnessr5@cdbaby.com,181 Shoshone Junction,Jezerce,53231,2019-07-01
979,Ardelis McCorley,amccorleyr6@icq.com,7883 Bobwhite Drive,Currais,4630-025,2015-05-03
980,Frieda Brazear,fbrazearr7@webnode.com,49454 Monument Crossing,Banyulegi,,2008-02-10
981,Enos Borres,eborresr8@ifeng.com,47123 Blackbird Junction,San Simon,2015,2015-06-29
982,Alaster Heliar,aheliarr9@issuu.com,74 Boyd Junction,Nijmegen,6539,2015-12-24
983,Blondie Prinett,bprinettra@oracle.com,8175 Reindahl Junction,Philadelphia,19191,2002-08-14
984,Verena Frapwell,vfrapwellrb@domainmarket.com,15 Eagle Crest Parkway,Bajram Curri,,2016-02-26
985,Margarita Kiddy,mkiddyrc@mapy.cz,1190 Washington Park,Saint-Augustin-de-Desmaures,G3A,2006-06-12
986,Katrinka Wellen,kwellenrd@un.org,8336 Melvin Alley,Beizhuang,,2001-04-07
987,Rollin Orry,rorryre@unblog.fr,36 Sommers Park,Lampihung,,2020-06-06
988,Lynnelle Benkhe,lbenkherf@goodreads.com,4627 Northwestern Trail,Pingshi,,2011-05-08
989,Halie Sturton,hsturtonrg@ox.ac.uk,24861 East Alley,Sundumbili,9334,2013-07-09
990,Doralynne Burlingham,dburlinghamrh@ftc.gov,4 Warner Point,Camargo,,2004-08-07
991,Hilary Creasy,hcreasyri@imageshack.us,5 Dunning Trail,Hoeryŏng,,2004-10-05
992,Burlie Dungey,bdungeyrj@yale.edu,1165 Fairview Drive,Manisi,,2004-10-24
993,Terese Maulin,tmaulinrk@google.co.uk,186 La Follette Crossing,Nam Kliang,33130,2006-08-23
994,Giraud Bohlsen,gbohlsenrl@people.com.cn,816 Oxford Lane,Dijon,21072 CEDEX,2015-12-25
995,Karilynn Chesworth,kchesworthrm@sphinn.com,77853 Sundown Plaza,Embu,,2001-03-31
996,Reinold Snarie,rsnariern@parallels.com,21 Crescent Oaks Way,Guanzhuang,,2024-01-07
997,Raeann Gornall,rgornallro@bbc.co.uk,089 Bellgrove Drive,Strängnäs,645 94,2014-06-15
998,Ara Carnegie,acarnegierp@sphinn.com,16106 Comanche Circle,Velasco Ibarra,,2013-06-24
999,Wilow Rousell,wrousellrq@pen.io,5 Forest Street,Lipnica Wielka,34-483,2007-02-12
1000,Ron Wooler,rwoolerrr@princeton.edu,4 Di Loreto Way,Juranalas,,2008-01-26