id_cliente,name,email,address,city,zip_code,registration_date
1,Sophey De Blasio,sde0@last.fm,9 Eagan Plaza,Alameda,45630,2022-02-28
2,Mortie Douty,mdouty1@paypal.com,300 Rusk Alley,Bogorame,,2008-11-12
3,Klement Gorden,kgorden2@digg.com,12890 Elmside Place,Tsivil’sk,429905,2023-05-20
4,Jabez Kitchen,jkitchen3@blogs.com,40704 Graceland Avenue,Ubonratana,31110,2018-07-11
5,Augustina Partkya,apartkya4@whitehouse.gov,98 Esch Avenue,Budrus,,2022-10-07
6,Udale Mattinson,umattinson5@123-reg.co.uk,04 Waubesa Alley,Montréal-Est,J4N,2025-06-23
7,Aila Gullick,agullick6@constantcontact.com,466 Elmside Parkway,Pyzdry,62-310,2014-07-24
8,Velma Broggelli,vbroggelli7@mozilla.org,430 Anzinger Drive,Sembung,,2007-01-18
9,Olin Lavell,olavell8@studiopress.com,20578 Crownhardt Road,Al Marsá,,2023-02-07
10,Jasen Terrett,jterrett9@youtu.be,5 Green Park,Maraã,69490-000,2001-04-09
11,Meta Paulat,mpaulata@nbcnews.com,997 Packers Parkway,Chapultepec,25050,2014-02-26
12,Rubetta Erie,rerieb@imdb.com,2395 Crowley Parkway,Baratã,2725-191,2025-11-26
13,Sid Binford,sbinfordc@tmall.com,7783 Bunting Terrace,Krajan Pocangan,,2017-06-21
14,Peder Marrill,pmarrilld@utexas.edu,04 Jana Place,Budapest,1046,2012-03-16
15,Udall Perroni,uperronie@bandcamp.com,98335 Larry Street,Dikson,647341,2017-07-02
16,Georgie Pawle,gpawlef@meetup.com,57 Trailsway Lane,Usuki,890-0073,2010-06-07
17,Cherlyn Aulds,cauldsg@vinaora.com,26939 Lien Street,Hule,,2015-08-09
18,Charmain Francomb,cfrancombh@themeforest.net,3028 Grim Avenue,Leping,,2004-02-16
19,Codi Francescuccio,cfrancescuccioi@home.pl,4839 Hooker Way,Lok,,2011-11-12
20,Sal Cunney,scunneyj@i2i.jp,57 Dayton Plaza,Sumberkindagan,,2005-04-22
21,Aurie McCerery,amccereryk@biglobe.ne.jp,5321 Loomis Parkway,Olds,T4H,2007-07-10
22,Fawnia Unworth,funworthl@nature.com,7863 Nevada Center,Vysoké nad Jizerou,512 11,2006-03-01
23,Rube Klimuk,rklimukm@elegantthemes.com,51311 Cherokee Lane,Paraíso,30201,2016-12-25
24,Carney Hubbis,chubbisn@unesco.org,54 Kropf Street,Wakefield,7052,2018-10-06
25,Gloriane Padley,gpadleyo@opensource.org,0 Ryan Road,Bobonan,2437,2003-11-19
26,Kim Entissle,kentisslep@gnu.org,904 Carberry Alley,Pingtan,,2025-12-28
27,Suzann Kapelhoff,skapelhoffq@gov.uk,4 Schlimgen Lane,Vaiamonte,7450-265,2024-10-27
28,Janette Polak,jpolakr@purevolume.com,985 Myrtle Lane,Madison,53716,2021-03-06
29,Jaime Celiz,jcelizs@nasa.gov,2 Sherman Place,Pau,64044 CEDEX,2018-02-26
30,Gabe Ruhben,gruhbent@globo.com,05 Schlimgen Center,New York City,10105,2003-07-19
31,Mollee Thrower,mthroweru@toplist.cz,156 Jay Court,Sośnie,63-435,2005-10-24
32,Aldin Kegley,akegleyv@nasa.gov,1074 Corscot Road,Demyansk,175310,2015-08-21
33,Clareta Pickavant,cpickavantw@chron.com,78237 Fulton Circle,Miguel Hidalgo,14260,2012-08-29
34,Rustie McCague,rmccaguex@technorati.com,2182 Tennessee Terrace,Guaduas,253449,2015-01-13
35,Wanids Woodyer,wwoodyery@ebay.co.uk,80666 Westend Park,Seka,43150,2014-09-22
36,Ethan Alldread,ealldreadz@pen.io,71 Crowley Court,Santiago de Baney,,2018-08-04
37,Heather Howsego,hhowsego10@arizona.edu,8 Montana Way,Cusco,,2010-02-17
38,Menard Purry,mpurry11@netscape.com,7 Grover Street,Eybens,38327 CEDEX,2023-02-26
39,Dolorita Last,dlast12@odnoklassniki.ru,1 2nd Parkway,Dasha,,2011-05-04
40,Way Milella,wmilella13@creativecommons.org,49 Golf Course Court,Nalsian Norte,2424,2012-12-04
41,Dorthea Sclanders,dsclanders14@mayoclinic.com,99314 Jenna Trail,Micoud,,2007-05-01
42,Farr Kirkwood,fkirkwood15@wordpress.org,562 Packers Trail,Ozherel’ye,142920,2022-09-09
43,Ingrid Garrad,igarrad16@state.tx.us,41 Forest Run Lane,Ōarai,311-1500,2016-12-22
44,Barclay Pettipher,bpettipher17@admin.ch,94 Lillian Circle,Huntington,25709,2001-12-14
45,Tallou Colkett,tcolkett18@house.gov,248 Loeprich Circle,Gazimurskiy Zavod,102213,2021-08-13
46,Melosa Jee,mjee19@guardian.co.uk,24 Thompson Park,Cha-am,76120,2019-04-01
47,Kimbra Radke,kradke1a@google.co.uk,09 Twin Pines Road,La Paz Centro,,2020-01-26
48,Bobbe Highnam,bhighnam1b@yandex.ru,8 Talmadge Terrace,Semamung,,2012-07-18
49,Cleopatra Stadding,cstadding1c@infoseek.co.jp,5 Division Lane,Kalangala,,2021-11-01
50,Elinore Esposi,eesposi1d@si.edu,1 Gerald Way,Iquipi,,2018-07-04
51,Lorri Waple,lwaple1e@123-reg.co.uk,7979 Randy Way,Calubcub Dos,0906,2025-01-14
52,Giffie Plume,gplume1f@engadget.com,05176 Sutteridge Terrace,Kampong Thom,,2007-02-18
53,Stacee Garth,sgarth1g@desdev.cn,4642 Trailsway Parkway,Chartres,28901 CEDEX 9,2000-08-16
54,Mira Gueste,mgueste1h@nymag.com,50760 Northfield Avenue,Klang,41918,2022-11-08
55,Shauna Klyner,sklyner1i@patch.com,4015 1st Trail,Iitti,47520,2019-07-06
56,Marcela Maso,mmaso1j@mayoclinic.com,43 Fairview Way,Xiluo,,2014-03-07
57,Dieter Pescud,dpescud1k@japanpost.jp,2908 American Trail,Armenia,630008,2009-08-07
58,Lorraine Kobpa,lkobpa1l@etsy.com,5 Toban Road,Dembeni,97660,2001-05-16
59,Keenan Beverley,kbeverley1m@va.gov,15767 Troy Circle,Azurva,3800-745,2008-05-24
60,Gerladina Robertot,grobertot1n@marriott.com,5527 Bunker Hill Crossing,Pumwani,,2002-11-10
61,Dani Lorking,dlorking1o@washington.edu,654 Schiller Trail,Bardo,57-256,2023-03-01
62,Felicdad Dumbleton,fdumbleton1p@instagram.com,1 Little Fleur Pass,Foumbot,,2012-01-28
63,Idell Stuchberry,istuchberry1q@unesco.org,5 Hudson Point,Chakou,,2024-11-30
64,Berta Izak,bizak1r@boston.com,42906 Shasta Park,Gonzalo Pizarro,,2022-08-12
65,Barnard Sarginson,bsarginson1s@google.nl,4145 Lunder Plaza,Paupanda Bawah,,2004-04-22
66,Bartram Lawee,blawee1t@fda.gov,16 Maywood Lane,Dimovo,3759,2009-04-23
67,Suzi Kimbling,skimbling1u@intel.com,6997 Washington Plaza,Batangtoru,,2013-01-11
68,Una Lanchberry,ulanchberry1v@google.it,83 Aberg Alley,Bahir Dar,,2011-07-20
69,Ogdon Stobbie,ostobbie1w@xinhuanet.com,53 Ilene Pass,Fāryāb,,2025-07-16
70,Drucie Slack,dslack1x@cloudflare.com,38489 Maywood Way,Sizao,,2014-01-14
71,Eveleen Reinbach,ereinbach1y@artisteer.com,319 Ridgeway Drive,Ungca,5004,2010-08-01
72,Paulie Farress,pfarress1z@ehow.com,04903 Namekagon Avenue,Changbao,,2001-11-25
73,Jaclyn Berryman,jberryman20@nsw.gov.au,366 Oakridge Junction,Aginskoye,663580,2008-12-02
74,Odelinda Disley,odisley21@sciencedirect.com,57196 Jenna Road,Kashihara,769-0105,2011-04-15
75,Dionne Chisolm,dchisolm22@springer.com,5575 Bay Way,San Antonio,78265,2022-09-18
76,Goldina Macro,gmacro23@theguardian.com,74666 Knutson Court,Klatakan,,2004-08-10
77,Cassie Halpen,chalpen24@canalblog.com,05967 Talisman Parkway,Nashtā Rūd,,2015-04-15
78,Maje Isaacs,misaacs25@yelp.com,59727 Waxwing Lane,Tarragona,8201,2015-01-23
79,Bernie Nind,bnind26@vk.com,839 Express Hill,Boshchorbogh,,2020-03-15
80,Desi Geake,dgeake27@eventbrite.com,62 Bluejay Road,Buyant,,2024-11-25
81,Paton Di Carli,pdi28@bbc.co.uk,1 Bluejay Road,Karuk,,2001-10-28
82,Marguerite Romans,mromans29@vk.com,6316 Portage Plaza,Ishurdi,3562,2009-08-05
83,Ranee Broxup,rbroxup2a@google.pl,69 Steensland Crossing,Casimiro de Abreu,28860-000,2005-02-27
84,Margeaux Corkel,mcorkel2b@mapy.cz,1 Hooker Circle,Fayzabad,,2013-10-10
85,Phip Garnar,pgarnar2c@ft.com,91 Moland Terrace,Taraz,,2005-12-04
86,Obie Cracknell,ocracknell2d@edublogs.org,58316 Helena Lane,San Rafael,5039,2005-05-17
87,Valene Parmley,vparmley2e@mlb.com,5 Gale Crossing,Apitong,4405,2005-07-02
88,Anne-corinne Stenning,astenning2f@disqus.com,50 Ridgeway Park,Chating,,2025-06-17
89,Valry Bibbie,vbibbie2g@oracle.com,8 Ridgeview Terrace,Labège,31678 CEDEX,2013-02-23
90,Emelita Lankford,elankford2h@cargocollective.com,136 Dapin Terrace,Sewon,,2019-01-20
91,Allyn Shimwell,ashimwell2i@prweb.com,8 Gateway Court,Vurğun,,2000-11-03
92,Mischa Windridge,mwindridge2j@pbs.org,1232 Loeprich Road,Néa Sánta,,2001-06-07
93,Rona Grafham,rgrafham2k@webs.com,4 Northfield Place,Bulakan,,2000-03-10
94,Tremaine Crenshaw,tcrenshaw2l@admin.ch,6745 Mitchell Terrace,Waterbury,06705,2004-12-11
95,Friederike Hugueville,fhugueville2m@google.com.hk,5 Mandrake Drive,Gaspar Hernández,11203,2015-10-05
96,Tristam Heam,theam2n@w3.org,19588 Hauk Pass,Zouparria do Monte,3020-895,2003-06-23
97,Anny Rogan,arogan2o@networkadvertising.org,3 Mitchell Plaza,Maungatapere,0179,2011-01-06
98,Reggis Porter,rporter2p@ft.com,95662 Elka Drive,Rustāq,,2016-03-18
99,Ricardo Polendine,rpolendine2q@deliciousdays.com,204 2nd Street,Guadalupe,94590,2003-03-27
100,Aleen Mantha,amantha2r@yellowbook.com,3837 Merchant Parkway,La Roxas,6217,2011-08-17
101,Teodor McKeefry,tmckeefry2s@ft.com,004 Eastwood Street,Banakaja,,2007-09-19
102,Malissa Bignell,mbignell2t@tripod.com,03 Talmadge Circle,Gaigeturi,,2001-04-13
103,Antone Callis,acallis2u@ehow.com,46 Golf Center,Cô Tô,,2013-09-24
104,Laird Burg,lburg2v@admin.ch,881 Thackeray Drive,Sovetskiy,628240,2008-01-29
105,Marijn Esh,mesh2w@gravatar.com,49075 Sachtjen Place,Igbo Ora,,2016-02-26
106,Loise Benger,lbenger2x@ucla.edu,90 Kings Pass,Ferme-Neuve,V5Y,2007-10-30
107,Raynor Earle,rearle2y@linkedin.com,7889 Pepper Wood Trail,Kumanovo,1300,2013-11-28
108,Tedda Dick,tdick2z@ed.gov,966 Meadow Vale Park,Uíge,,2002-01-19
109,Minette Fickling,mfickling30@eepurl.com,9 Surrey Court,Tongle,,2022-01-21
110,Octavia MacAvaddy,omacavaddy31@homestead.com,49335 Everett Point,Lok,,2014-12-29
111,Ardelis Livett,alivett32@google.com,01654 Pierstorff Drive,Tokorozawa,988-0057,2022-01-28
112,Benson Allender,ballender33@bloomberg.com,46048 Larry Circle,Jianghai,,2019-06-21
113,Chalmers Tatters,ctatters34@usgs.gov,2 Warner Parkway,Steinsel,L-7346,2021-06-16
114,Adel Hallworth,ahallworth35@tmall.com,86 Continental Parkway,Zouila,,2003-10-26
115,Cody Sporner,csporner36@devhub.com,03 Glacier Hill Plaza,Évry,91049 CEDEX,2024-06-10
116,Jillana Danzelman,jdanzelman37@craigslist.org,629 Village Green Trail,Dinghuo,,2014-07-28
117,Cindelyn Freemantle,cfreemantle38@soup.io,7567 Scott Way,Nailong,6012,2022-01-19
118,Barbey Seleway,bseleway39@tripadvisor.com,09944 Esker Center,Metlika,8330,2022-12-24
119,Garfield Shute,gshute3a@vk.com,77430 Hagan Court,Ccuntuma,,2006-01-11
120,Anallese Yeude,ayeude3b@un.org,40 Oak Valley Pass,Cangyou,,2002-08-23
121,Rochette Annis,rannis3c@taobao.com,71118 Northfield Lane,Nong Yai,20190,2010-07-26
122,Elinor Bernette,ebernette3d@parallels.com,65 Colorado Road,Greensboro,27415,2012-05-18
123,Currie Kilmartin,ckilmartin3e@sina.com.cn,733 Westerfield Junction,Guanting,,2007-04-20
124,Carlie Ciubutaro,cciubutaro3f@nationalgeographic.com,51236 Oxford Point,Ngampon,,2002-08-07
125,Brocky Massenhove,bmassenhove3g@symantec.com,062 Farwell Terrace,Purral,10807,2025-05-09
126,Grantley Lanston,glanston3h@tmall.com,3550 Moland Lane,Yurkivka,,2009-12-06
127,Reinwald Greeson,rgreeson3i@over-blog.com,3286 Claremont Park,Gayamsari,,2002-10-08
128,Natalina Ziemens,nziemens3j@amazon.co.uk,4 Atwood Drive,Buriti Alegre,75660-000,2013-01-18
129,Warde Purslow,wpurslow3k@booking.com,620 Ronald Regan Place,Shangyuan,,2012-12-14
130,Wiatt Vellacott,wvellacott3l@lycos.com,35 Southridge Lane,Adzopé,,2017-10-21
131,Jud Vittori,jvittori3m@merriam-webster.com,9 Mayer Street,Daixi,,2005-12-02
132,Willi Rayson,wrayson3n@amazon.co.jp,55836 Graedel Point,Tungelsta,137 57,2004-04-09
133,Dyanna Penylton,dpenylton3o@webnode.com,12 Derek Road,Nong Khai,48140,2010-06-07
134,Edie Caswall,ecaswall3p@istockphoto.com,37694 Brickson Park Way,Presidente Epitácio,19470-000,2003-06-14
135,Shermie Garie,sgarie3q@google.pl,76419 Muir Drive,Timba Timuk,,2013-10-28
136,Fifi Gaffey,fgaffey3r@surveymonkey.com,57 Eagan Avenue,Wang Hin,33270,2017-11-05
137,Henrieta Philpots,hphilpots3s@furl.net,97 Schiller Terrace,Florencia,195047,2020-01-26
138,Almira Bohlje,abohlje3t@wiley.com,5365 Randy Park,Schiedam postbusnummers,3109,2002-09-03
139,Lesli Capon,lcapon3u@skype.com,8659 Bobwhite Parkway,Budta,1774,2001-11-18
140,Yurik Andrat,yandrat3v@flavors.me,905 Sloan Pass,Kuningan,,2016-03-25
141,Durward Rollason,drollason3w@wp.com,7 Sundown Way,San Agustin,29480,2006-03-07
142,Ezri Barr,ebarr3x@1688.com,5 Ridgeway Drive,Partille,433 31,2017-12-25
143,Ardene Libermore,alibermore3y@nba.com,704 Toban Point,Bent Jbaïl,,2013-06-15
144,Sinclare Mirrlees,smirrlees3z@g.co,0 Sachs Crossing,Huskvarna,561 85,2013-12-04
145,Hermon Busse,hbusse40@clickbank.net,2 Kedzie Circle,Duwakkandung,,2021-07-20
146,Tadeo Diglin,tdiglin41@angelfire.com,019 Saint Paul Plaza,Naran Bulag,,2006-06-27
147,Gillian Hamp,ghamp42@sourceforge.net,34240 Forest Run Junction,Yasnyy,462781,2021-04-14
148,Arline Goalley,agoalley43@sun.com,27 Roth Junction,Croix,59967 CEDEX,2025-03-16
149,Dolf Woodbridge,dwoodbridge44@ask.com,133 Lindbergh Center,Oneop,,2006-10-21
150,Ferdinand Minogue,fminogue45@vinaora.com,044 Jay Hill,Shah Alam,40990,2012-10-19
151,Ianthe Hamlet,ihamlet46@eventbrite.com,76876 Shelley Pass,Kowalewo Pomorskie,87-410,2019-10-31
152,Emera Andreaccio,eandreaccio47@psu.edu,9209 Thompson Park,Nishinomiya-hama,663-8234,2014-05-12
153,Dorette Hertwell,dhertwell48@bing.com,73662 Westridge Street,Sarbīsheh,,2014-10-09
154,Alia Mayoral,amayoral49@dmoz.org,40 Summer Ridge Plaza,Velyka Pysarivka,,2007-02-09
155,Homere Sivewright,hsivewright4a@utexas.edu,63 Darwin Junction,Tentúgal,3140-555,2000-12-26
156,Elysha Lyal,elyal4b@1688.com,30 John Wall Plaza,Fonte da Vaca,2955-229,2018-03-07
157,Sharia Tumulty,stumulty4c@addthis.com,2 Stoughton Avenue,Sepatan,,2010-07-10
158,Salli Trustram,strustram4d@prlog.org,17 Arapahoe Road,Sodankylä,99601,2023-09-08
159,Lorrin Spier,lspier4e@reddit.com,750 Welch Way,Rancho Nuevo,91275,2010-11-18
160,Isidro Zini,izini4f@quantcast.com,7738 Bay Trail,Dacheng,,2005-05-11
161,Chalmers Dimock,cdimock4g@sourceforge.net,282 Mallard Place,Bridgetown,,2012-11-27
162,Mirabel Dalton,mdalton4h@independent.co.uk,27 Texas Pass,Kochani,2307,2014-10-29
163,Amandie Lorman,alorman4i@thetimes.co.uk,26 Tony Terrace,Áno Sýros,,2005-02-04
164,Richy Spruce,rspruce4j@theglobeandmail.com,730 Evergreen Lane,Zárate,3423,2001-07-10
165,Kelly Fulep,kfulep4k@mit.edu,40 Northridge Crossing,Diyarb Najm,,2022-09-01
166,Gwen Stairmand,gstairmand4l@vkontakte.ru,463 Carioca Place,Taipei,,2008-02-04
167,Elfrieda McVeighty,emcveighty4m@google.pl,353 Mifflin Lane,Krasnaya Polyana,622937,2009-02-19
168,Tarrah McGrady,tmcgrady4n@slideshare.net,5 Maryland Junction,Valuyki,309999,2025-11-09
169,Fidelity Wholesworth,fwholesworth4o@myspace.com,6 Ridgeway Trail,Guidong Chengguanzhen,,2002-01-05
170,Shaylyn McPhilip,smcphilip4p@e-recht24.de,87623 Banding Point,Gebre Guracha,,2012-09-18
171,Steffane Ferraro,sferraro4q@ask.com,8 Main Point,Xinglongquan,,2012-07-11
172,Shepperd Cawse,scawse4r@china.com.cn,47 Redwing Street,Aglipay,3403,2004-12-22
173,Napoleon Dressell,ndressell4s@vk.com,90569 Rowland Junction,Sendai,939-1351,2000-04-10
174,Fawn Masserel,fmasserel4t@cnet.com,32220 Shopko Crossing,Wyśmierzyce,26-811,2016-01-15
175,Gussie Peert,gpeert4u@cnbc.com,80 Maryland Crossing,Ankola,,2024-06-29
176,Julietta Battelle,jbattelle4v@1und1.de,47201 Green Alley,Profítis Ilías,,2008-12-20
177,Pet Hay,phay4w@unc.edu,0229 Norway Maple Circle,Kula,3818,2025-04-08
178,Jule Parmby,jparmby4x@tiny.cc,544 Fordem Pass,G’uzor,,2023-04-15
179,Nowell Yoell,nyoell4y@creativecommons.org,16 Paget Avenue,Gabahan,,2013-10-04
180,Nichole Keating,nkeating4z@technorati.com,42 Buhler Circle,Yihe,,2008-09-14
181,Odille Casotti,ocasotti50@mac.com,0 Northfield Place,Jardim do Seridó,59343-000,2018-10-06
182,Daisi Stirman,dstirman51@washington.edu,0239 Grover Court,Pluak Daeng,21140,2017-08-23
183,Agustin Enticott,aenticott52@phoca.cz,5648 Corry Way,Banjaranyar,,2012-03-10
184,Philippa Carlill,pcarlill53@cbsnews.com,5633 Leroy Hill,Bouaké,,2018-05-06
185,Jaquith Antonognoli,jantonognoli54@shinystat.com,40862 Dovetail Street,Aghavnadzor,,2011-03-21
186,Kris Ashurst,kashurst55@paypal.com,91 Columbus Park,Vasilikón,,2025-11-13
187,Curran Joannidi,cjoannidi56@i2i.jp,856 Helena Pass,Kukulu,,2006-07-08
188,Brad Chaffen,bchaffen57@buzzfeed.com,6773 Pine View Lane,Sila Lat,36210,2000-02-02
189,Barry Knibbs,bknibbs58@independent.co.uk,46 Mcbride Circle,Nangang,,2024-11-20
190,Krystalle Coushe,kcoushe59@privacy.gov.au,1 Drewry Street,Bayside,D13,2007-06-07
191,Kalil Charer,kcharer5a@smh.com.au,559 Schiller Lane,Sauga,,2014-09-12
192,Pollyanna De Freitas,pde5b@icio.us,9 Buena Vista Plaza,Pingyi,,2004-07-10
193,Reina Langworthy,rlangworthy5c@godaddy.com,5077 Fair Oaks Plaza,Estreito,65975-000,2001-08-03
194,Madelina Kleinert,mkleinert5d@businesswire.com,96173 Thackeray Pass,Filiátes,,2015-03-28
195,Nealson Passfield,npassfield5e@scribd.com,6 School Drive,Botevgrad,2162,2004-05-20
196,Gaby Crudge,gcrudge5f@jimdo.com,26507 Bluestem Street,Leloboko,,2016-10-01
197,Em Brickhill,ebrickhill5g@wufoo.com,077 Esch Hill,Honghualiangzi,,2005-02-11
198,Roda Wilkerson,rwilkerson5h@amazon.de,99093 Talmadge Point,Akzhal,,2014-10-28
199,Tiphany Stedson,tstedson5i@springer.com,6860 Evergreen Street,Meitang,,2004-01-10
200,Madel Rushman,mrushman5j@icq.com,2 Ohio Circle,Chating,,2023-09-10
201,Sherry Kornes,skornes5k@umn.edu,359 Eliot Street,Tiraspol,MD-3300,2020-08-31
202,Danie Smooth,dsmooth5l@whitehouse.gov,1017 Carioca Junction,Ozatlán,,2013-11-09
203,Harwilll Stopforth,hstopforth5m@nydailynews.com,81579 Morning Terrace,El Cafetal,,2024-08-08
204,Neall Dochon,ndochon5n@163.com,40 Kinsman Lane,Tozeur,,2023-03-30
205,Ahmed Wakelam,awakelam5o@sohu.com,45742 Dovetail Park,San Agustín,,2006-02-19
206,Verena Flipsen,vflipsen5p@cloudflare.com,4 Prentice Lane,Além,4720-551,2010-02-09
207,Farrel Saldler,fsaldler5q@instagram.com,6 Arizona Circle,Simapu,,2014-08-20
208,Marya Lambrick,mlambrick5r@cam.ac.uk,22 Donald Junction,Sępólno Krajeńskie,89-400,2010-02-14
209,Aldous Sedgemond,asedgemond5s@apache.org,3 Lake View Terrace,Obong,2614,2002-08-28
210,Linc Kolakowski,lkolakowski5t@miibeian.gov.cn,99 Ilene Way,Përmet,,2014-04-12
211,Lezlie Gounod,lgounod5u@deliciousdays.com,083 Talisman Park,Taketoyo,479-0871,2020-04-01
212,Vanessa Cud,vcud5v@cdbaby.com,8 Banding Park,Igarapé,32900-000,2002-04-29
213,Abdul Ferneley,aferneley5w@yahoo.co.jp,36 Quincy Parkway,Tais,,2008-02-14
214,Hanna O'Lagen,holagen5x@vkontakte.ru,7 Morrow Alley,Guradog,,2025-02-21
215,Sutherlan Horley,shorley5y@360.cn,4308 Schiller Circle,Berezivka,,2022-05-23
216,Bette Dyhouse,bdyhouse5z@deliciousdays.com,1399 Lotheville Street,Longxi,,2019-04-26
217,Ashley Handrick,ahandrick60@squidoo.com,721 Tennyson Street,Meilin,,2000-03-05
218,Gregor Rissen,grissen61@ucoz.ru,7392 Monument Junction,Viljakkala,39310,2008-05-24
219,Ilse Sandhill,isandhill62@geocities.com,15235 Tomscot Park,Bugis,,2002-11-20
220,Mike Bromige,mbromige63@themeforest.net,85954 Swallow Alley,Kisoro,,2023-09-06
221,Lynne Fairbridge,lfairbridge64@sciencedirect.com,75 Crest Line Park,Yaita,329-2165,2014-05-16
222,Ross Sabberton,rsabberton65@ft.com,77452 Marcy Park,Cidadap,,2012-03-31
223,Percival Ancliff,pancliff66@bbc.co.uk,77847 Clarendon Crossing,Harbutowice,34-212,2007-02-26
224,Hayden Chater,hchater67@omniture.com,4574 Heffernan Parkway,Rumat Heib,,2024-12-08
225,Maggee Pirrone,mpirrone68@cocolog-nifty.com,810 Scoville Hill,Padova,35129,2018-06-29
226,Winonah Bilson,wbilson69@lycos.com,92 Arizona Hill,Tongshan,,2018-12-12
227,Abbi Loweth,aloweth6a@unesco.org,54 Columbus Plaza,Panino,396140,2020-11-16
228,Allys Bodemeaid,abodemeaid6b@businessweek.com,0003 Loftsgordon Trail,Catu,48110-000,2016-12-19
229,Wilden Alner,walner6c@cafepress.com,3 Katie Trail,Chayek,,2011-11-02
230,Conrade Wrigley,cwrigley6d@multiply.com,91782 Basil Hill,Nesterovskaya,386250,2013-12-07
231,Alistair Garnett,agarnett6e@alibaba.com,4 Oxford Avenue,Ulset,5119,2000-02-11
232,Guy Poncet,gponcet6f@bigcartel.com,901 International Park,Shkotovo,692815,2007-01-03
233,Bobby Allon,ballon6g@wikispaces.com,81017 Welch Point,Knyaginino,606340,2001-04-13
234,Erie Hubble,ehubble6h@macromedia.com,9 Sachs Plaza,Fanzhen,,2024-10-19
235,Roderic Hartle,rhartle6i@ftc.gov,96 Lunder Plaza,Yandun,,2015-01-27
236,Theda Blasius,tblasius6j@photobucket.com,13 Bluestem Alley,Qinglin,,2008-03-13
237,Germana Cullagh,gcullagh6k@amazon.de,39 Lakewood Drive,Oele,,2024-07-23
238,Maynord Mac Giolla Pheadair,mmac6l@nih.gov,88 Amoth Way,Banjar Banyualit,,2018-06-18
239,Aggy Vuitton,avuitton6m@bravesites.com,2 Eliot Trail,Porsgrunn,3930,2004-12-24
240,Ab Neenan,aneenan6n@de.vu,337 Clemons Parkway,Portobelo,,2016-07-16
241,Anne-corinne Dunmore,adunmore6o@ebay.com,745 Evergreen Circle,Mionica,,2011-10-30
242,Blithe Gordon-Giles,bgordongiles6p@csmonitor.com,143 Roth Avenue,Sobeok,,2007-11-03
243,Candide Heephy,cheephy6q@ezinearticles.com,6 Gerald Avenue,Paço,4910-060,2025-02-02
244,Tobe Callcott,tcallcott6r@livejournal.com,69 Talmadge Park,Wahawaha,,2007-01-07
245,Giulio Crumbleholme,gcrumbleholme6s@boston.com,4727 Melrose Drive,Gīvī,,2016-04-04
246,Concettina Meade,cmeade6t@myspace.com,2 Eagle Crest Avenue,Néa Róda,,2004-09-10
247,Chrisse Brokenshaw,cbrokenshaw6u@nytimes.com,45850 Washington Place,Borgarnes,311,2016-09-11
248,Nadiya Standing,nstanding6v@example.com,26 Stuart Pass,Niños Heroes,89359,2024-09-12
249,Nealson Lebrun,nlebrun6w@deliciousdays.com,8129 Lakewood Gardens Pass,Sitovo,7662,2018-10-23
250,Marin Clifforth,mclifforth6x@harvard.edu,53302 Red Cloud Terrace,Cantaura,,2025-02-25
251,Wildon Pencot,wpencot6y@skype.com,5 Tomscot Junction,Yashiga,,2011-08-22
252,Annabelle St. Leger,ast6z@deliciousdays.com,17317 5th Point,Dogbo,,2023-08-11
253,Maxim Lemin,mlemin70@example.com,0648 Clemons Court,Cabeças Verdes,3070-505,2004-08-03
254,Sheri Stockill,sstockill71@netscape.com,6 Susan Court,Carodok,,2005-03-18
255,Almeda Boocock,aboocock72@github.com,9002 1st Point,Rio das Ostras,28890-000,2021-09-03
256,Veronica Greenard,vgreenard73@theglobeandmail.com,3 Upham Point,L'Épiphanie,J5X,2023-05-26
257,Jacquetta Hartell,jhartell74@webmd.com,6 Carey Place,Sheffield,S1,2015-07-08
258,Ardenia DelaField,adelafield75@ihg.com,159 Comanche Avenue,København,1532,2010-03-14
259,Joanne Mostin,jmostin76@jiathis.com,465 Southridge Pass,Plumtree,,2020-02-21
260,Bat Gardener,bgardener77@whitehouse.gov,89 Farwell Terrace,Huangbei,,2011-01-22
261,Woodie Giffkins,wgiffkins78@cdbaby.com,38883 Westridge Crossing,Mělník,276 01,2010-02-25
262,Filmer Mottershaw,fmottershaw79@state.tx.us,9685 Golf Trail,Huashixia,,2000-02-25
263,Gannon Anthony,ganthony7a@engadget.com,54908 Myrtle Hill,Phunphin,84130,2010-08-25
264,Denys Bingham,dbingham7b@canalblog.com,5 Saint Paul Junction,Vannes,56019 CEDEX,2015-02-18
265,Rockie Middis,rmiddis7c@live.com,99720 Del Mar Plaza,Kupahandap,,2009-03-28
266,Luz Muehle,lmuehle7d@va.gov,9 Farmco Parkway,Bosanski Šamac,,2009-07-20
267,Pieter Curphey,pcurphey7e@amazon.co.uk,4 Leroy Way,Paris 09,75434 CEDEX 09,2013-07-14
268,Nikolaus Meakin,nmeakin7f@nsw.gov.au,17 Transport Trail,Xingcheng,,2002-11-01
269,Abigael Dmiterko,admiterko7g@hao123.com,3 Anderson Alley,Padasuka,,2021-01-17
270,Nicolina Martinello,nmartinello7h@dot.gov,5450 Badeau Park,Curahnongko,,2022-10-18
271,Shandee Hankin,shankin7i@xrea.com,05 Rusk Alley,Quisao,4029,2022-02-28
272,Verile Lomasney,vlomasney7j@qq.com,979 Iowa Alley,Cerro Colorado,,2020-11-16
273,Tiffie Kiehne,tkiehne7k@cloudflare.com,6 Hermina Crossing,Linglong,,2025-08-20
274,Nettle Gemlett,ngemlett7l@scientificamerican.com,345 Magdeline Place,Zengtian,,2011-01-23
275,Webb Seston,wseston7m@foxnews.com,647 Vernon Pass,Xin’andu,,2017-09-18
276,Cole Fost,cfost7n@usda.gov,65189 Bayside Plaza,Rentian,,2023-10-25
277,Riccardo Normanton,rnormanton7o@zimbio.com,44936 Caliangt Avenue,Dongjiahe,,2019-11-22
278,Arlan Pallin,apallin7p@wp.com,12 8th Park,Heku,,2010-12-29
279,Guinevere Zoellner,gzoellner7q@g.co,24313 Jay Hill,Longaví,,2002-01-18
280,Petr Tetla,ptetla7r@oaic.gov.au,777 Alpine Place,Lishan,,2009-01-01
281,Linus Overington,loverington7s@seesaa.net,3 Jackson Terrace,Ferraria,2445-079,2013-06-29
282,Jameson Eskrigg,jeskrigg7t@biglobe.ne.jp,548 Village Green Circle,Longguang,,2014-10-01
283,Natala Davidovics,ndavidovics7u@mail.ru,82677 Stephen Way,Kota Bharu,15517,2022-01-29
284,Caritta Earie,cearie7v@woothemes.com,69 Spohn Trail,Qian’an,,2004-09-01
285,Prue Earry,pearry7w@gov.uk,838 Barnett Parkway,Du’ermenqin,,2007-01-29
286,Vasili Bangley,vbangley7x@icio.us,71582 Esch Terrace,Upi,1630,2021-08-17
287,Weylin Arkley,warkley7y@elegantthemes.com,4066 Florence Terrace,Ouidah,,2017-09-08
288,Chiarra Dewerson,cdewerson7z@virginia.edu,7964 Bunker Hill Drive,Cherven Bryag,5994,2021-10-19
289,Adrien Oran,aoran80@gnu.org,1 Norway Maple Alley,Sukowono,,2024-06-28
290,Jacquenette Trimble,jtrimble81@php.net,532 Hanson Hill,Colonia Neuland,,2020-07-06
291,Mallory Clemo,mclemo82@nps.gov,226 3rd Drive,Dún Laoghaire,A96,2018-06-19
292,Winny Noraway,wnoraway83@state.gov,9 Judy Way,Hāgere Selam,,2010-12-20
293,Nanette McCuaig,nmccuaig84@example.com,52 Drewry Plaza,Kobryn,,2016-09-05
294,Joelly Miskelly,jmiskelly85@timesonline.co.uk,34017 Oakridge Road,Udanin,55-340,2014-10-13
295,Brett Proudman,bproudman86@i2i.jp,03 Blaine Drive,Tapon,6035,2023-05-20
296,Bart O'Bradain,bobradain87@blogs.com,4 Ramsey Drive,Paleran,,2024-09-03
297,Sigismond Bebbington,sbebbington88@miibeian.gov.cn,63 Commercial Drive,Corpus Christi,78405,2012-12-26
298,Geoff Coomes,gcoomes89@youku.com,3233 Sunfield Crossing,Ping’an,,2025-08-14
299,Theobald Mattes,tmattes8a@gravatar.com,91 Boyd Center,Moscow,901993,2002-08-07
300,Sorcha Buret,sburet8b@shop-pro.jp,12065 Memorial Terrace,Nevyts’ke,,2014-08-22
301,Hadleigh Branney,hbranney8c@hatena.ne.jp,644 Judy Terrace,Veiga,4650-226,2023-11-30
302,Terrell Rosenhaus,trosenhaus8d@so-net.ne.jp,09116 Westend Alley,Pinrang,,2019-07-02
303,Guntar Sperring,gsperring8e@desdev.cn,420 Mosinee Crossing,Cabriz,2710-102,2006-06-07
304,Therese Lamburne,tlamburne8f@fc2.com,0 Kim Place,Okinawa,904-2244,2019-02-01
305,Gaspard Tremain,gtremain8g@youku.com,347 Knutson Road,Lebak,,2022-11-20
306,Katherine Petrusch,kpetrusch8h@bigcartel.com,33 Riverside Street,Alcaldedíaz,,2018-05-15
307,Amelina Room,aroom8i@opensource.org,476 Parkside Trail,Jatisari,,2007-10-21
308,Judas Spillane,jspillane8j@mail.ru,203 Macpherson Alley,Haikou,,2001-10-09
309,Patrica Fishly,pfishly8k@europa.eu,07 Huxley Park,Jimaguayú,,2017-12-21
310,Tiena Lawdham,tlawdham8l@ox.ac.uk,51384 Harper Court,Puerto Rico,3334,2011-07-13
311,Dorotea Reddlesden,dreddlesden8m@jugem.jp,667 Sunbrook Alley,Sande São Lourenço,4805-583,2012-05-11
312,Sherwin Wimlett,swimlett8n@boston.com,93 Stuart Court,Erechim,99700-000,2007-06-23
313,Lilian Shay,lshay8o@webs.com,4 8th Place,Saint-Brieuc,22004 CEDEX 1,2013-12-26
314,Guntar Lis,glis8p@ow.ly,65 Bashford Crossing,Grekan,,2001-06-24
315,Bobbe Anmore,banmore8q@nationalgeographic.com,75 Johnson Place,Huacao,,2000-12-08
316,Liliane Tockell,ltockell8r@sourceforge.net,00 Holy Cross Avenue,Bhamdoûn el Mhatta,,2002-07-28
317,Jefferey Skirvin,jskirvin8s@examiner.com,6663 Di Loreto Point,Dīvāndarreh,,2008-03-25
318,Susan Halsworth,shalsworth8t@census.gov,5083 Mccormick Plaza,Didi Lilo,,2007-02-03
319,Aristotle Slimon,aslimon8u@earthlink.net,507 Oak Pass,Aoshi,,2015-05-09
320,Umeko Hartzogs,uhartzogs8v@amazon.co.jp,669 Almo Park,Cradock,5884,2010-07-23
321,Jen Despenser,jdespenser8w@dailymail.co.uk,38389 Helena Trail,Kallithéa,,2012-08-11
322,Francklin O'Coskerry,focoskerry8x@tripadvisor.com,0 Cascade Street,Shanhou,,2017-10-18
323,Valentino Ledbetter,vledbetter8y@vinaora.com,69 Cascade Way,Metsamor,,2003-02-05
324,Daisey Dregan,ddregan8z@acquirethisname.com,93 Summer Ridge Lane,Four Cross Roads,,2009-02-07
325,Delly Marzelle,dmarzelle90@cargocollective.com,90 Moulton Terrace,Sarrat,2914,2013-08-02
326,Erika Seleway,eseleway91@scientificamerican.com,13899 Debs Road,Quito,,2008-08-30
327,Wenonah Handaside,whandaside92@house.gov,6285 Dennis Circle,Presidente Bernardes,19300-000,2010-04-04
328,Francoise Brett,fbrett93@joomla.org,466 Cordelia Avenue,Dobrzeń Wielki,46-081,2019-10-30
329,Brade Mathonnet,bmathonnet94@jugem.jp,66 Morning Road,Pianbai,,2018-02-17
330,Kirstin Saunton,ksaunton95@shinystat.com,659 Sheridan Alley,Kilimatinde,,2020-12-24
331,Wilton Cashmore,wcashmore96@mail.ru,0297 Elmside Place,Tullamore,R35,2021-08-16
332,Boris Boath,bboath97@tinypic.com,1 Mariners Cove Avenue,Lewolere,,2024-03-21
333,Mycah McDougald,mmcdougald98@hao123.com,67 Morning Road,Portland,97255,2016-02-07
334,Hilario Phetteplace,hphetteplace99@lulu.com,98292 Drewry Court,Seixo Alvo,4415-739,2014-08-22
335,Rosemarie Winspeare,rwinspeare9a@wikimedia.org,54653 Straubel Junction,Espírito Santo do Pinhal,13990-000,2015-07-08
336,Vale Kuna,vkuna9b@newsvine.com,7 Washington Hill,Badrah,,2000-06-16
337,Tillie O'Malley,tomalley9c@opera.com,55 Ridgeway Street,Gualeguay,2840,2020-04-23
338,Tressa Pritty,tpritty9d@hhs.gov,094 Homewood Way,Barra Mansa,27300-000,2003-08-02
339,Justus Ganderton,jganderton9e@nifty.com,534 Park Meadow Circle,Yiyang,,2017-10-04
340,Goldia Cloughton,gcloughton9f@jigsy.com,3479 Transport Pass,Ryczywół,64-630,2013-04-06
341,Kylila Roddick,kroddick9g@aol.com,73990 Mallard Junction,Dawan,,2018-02-04
342,Fonzie Thorington,fthorington9h@over-blog.com,16819 Pankratz Lane,Michałowice,05-816,2002-10-12
343,Cynthea Merman,cmerman9i@microsoft.com,13 Towne Way,Houping,,2004-02-25
344,Helga Shackel,hshackel9j@skype.com,819 Valley Edge Terrace,Murovanoye,,2018-09-02
345,Clovis Cristoforetti,ccristoforetti9k@vk.com,61644 Blaine Trail,Zafarwāl,80100,2007-08-07
346,Lawton Tippler,ltippler9l@si.edu,4426 Boyd Pass,Maiwal,,2025-09-25
347,Braden McKinnon,bmckinnon9m@opera.com,138 Schiller Park,Vélizy-Villacoublay,78942 CEDEX,2004-01-05
348,Robinet Coney,rconey9n@sbwire.com,9 Vahlen Circle,Pongol,8706,2002-11-18
349,Terencio Howatt,thowatt9o@biblegateway.com,7 Emmet Terrace,Všemina,763 15,2017-05-05
350,Hayward Whapples,hwhapples9p@forbes.com,9612 Morrow Center,Nong Hi,45140,2013-04-22
351,Rosette Odger,rodger9q@marketwatch.com,15865 Fair Oaks Road,Shenzhengqiao,,2017-03-16
352,Matty Bolstridge,mbolstridge9r@example.com,46615 6th Avenue,Bohutín,789 62,2010-05-31
353,Anabal D'Elias,adelias9s@nifty.com,9192 Scott Road,Wotan,,2007-06-24
354,Sasha Goring,sgoring9t@gov.uk,2 Lotheville Center,Changbao,,2017-12-17
355,Carmelina Fairall,cfairall9u@bandcamp.com,1404 Toban Crossing,Yambrasbamba,,2005-05-25
356,Luther Gullefant,lgullefant9v@weather.com,6 Rusk Parkway,Aragarças,76240-000,2011-12-29
357,Joan Itscowics,jitscowics9w@hc360.com,66694 Melrose Crossing,Salas,,2004-09-25
358,Nathan Ector,nector9x@canalblog.com,7237 Marcy Parkway,Envira,69870-000,2002-09-21
359,Clyde Abate,cabate9y@drupal.org,46 1st Alley,Hostomice,417 52,2013-06-01
360,Cedric Sedgebeer,csedgebeer9z@columbia.edu,05 Lakeland Road,Bích Động,,2014-06-06
361,Munmro Karpman,mkarpmana0@booking.com,53196 Kim Circle,Rungis,94631 CEDEX 1,2021-04-02
362,Augy Bellward,abellwarda1@google.nl,0887 Tennessee Trail,Banjar Pekandelan,,2010-02-28
363,Bern Francescuccio,bfrancescuccioa2@webs.com,2753 Forest Run Drive,Åstorp,265 40,2010-08-11
364,Michale Dipple,mdipplea3@bandcamp.com,58 Autumn Leaf Terrace,Barreiros,55560-000,2020-12-02
365,Ches Esch,cescha4@wikipedia.org,448 Anthes Hill,Malaryta,,2014-03-27
366,Rosalind Merritt,rmerritta5@typepad.com,70166 Goodland Drive,Oebai,,2014-08-05
367,Pedro Seeger,pseegera6@booking.com,26 Pawling Circle,Rassvet,352421,2005-03-22
368,Arel Tregensoe,atregensoea7@cdbaby.com,17191 Petterle Lane,Idritsa,125364,2015-07-29
369,Amargo Lukock,alukocka8@weebly.com,9643 Morning Road,Asíni,,2012-02-29
370,Ricki Philippon,rphilippona9@prnewswire.com,4 Sunfield Drive,Su-ngai Kolok,96120,2024-08-15
371,Jillayne Aird,jairdaa@lycos.com,7706 Annamark Avenue,Makungu,,2023-12-17
372,Patin Andrusov,pandrusovab@lulu.com,2201 Duke Place,Noemuti,,2015-04-11
373,Madge Dominey,mdomineyac@domainmarket.com,723 Banding Court,Cikole,,2009-09-05
374,Denys Lusher,dlusherad@miitbeian.gov.cn,3 Monica Alley,Sugcad,1427,2016-01-22
375,Nicolea Schermick,nschermickae@sfgate.com,9 Duke Crossing,Yuanqiao,,2015-04-25
376,Alethea Kellet,akelletaf@harvard.edu,880 Cascade Crossing,San Cosme y Damián,,2001-02-01
377,Raven Demchen,rdemchenag@economist.com,310 Little Fleur Center,San Carlos,232517,2014-06-25
378,Tamar Mellon,tmellonah@vkontakte.ru,7342 Dwight Street,Junbu,,2014-02-23
379,Ario Govini,agoviniai@whitehouse.gov,11355 Jay Place,Komga,4950,2016-02-16
380,Shepherd Blanpein,sblanpeinaj@un.org,86824 1st Center,Kwaluseni,,2020-11-21
381,Giralda Geer,ggeerak@spiegel.de,456 Blue Bill Park Center,Cikoneng,,2002-06-01
382,Lynna Reek,lreekal@shareasale.com,002 Independence Crossing,Volokonovka,457151,2010-02-15
383,Shepperd Kitchener,skitcheneram@google.co.uk,7169 Blackbird Way,Pontalina,75620-000,2007-07-31
384,Monti Parlor,mparloran@tumblr.com,8 Reindahl Drive,Ma‘arrat an Nu‘mān,,2009-01-23
385,Oralia Corson,ocorsonao@pbs.org,1465 Graedel Crossing,Shuiyang,,2012-07-20
386,Marylou Ridger,mridgerap@nbcnews.com,35663 Lighthouse Bay Hill,Briceni,MD-5114,2011-06-01
387,Monty Ormond,mormondaq@cbslocal.com,469 Straubel Center,Mojo,,2023-06-19
388,Gabby Lush,glushar@xinhuanet.com,78218 Springview Junction,Cortes,2410-505,2020-11-17
389,Lulu Travers,ltraversas@wired.com,5 Stang Pass,Yunguyo,,2005-04-09
390,Mehetabel Armor,marmorat@chron.com,64650 Clove Road,Jaro,6527,2004-07-24
391,Suzi Simms,ssimmsau@shutterfly.com,2 5th Street,Śliwice,89-530,2022-06-12
392,Bellina Margrett,bmargrettav@china.com.cn,3022 Moland Center,Tadjoura,,2008-02-23
393,Raviv Sircombe,rsircombeaw@friendfeed.com,5 Bartelt Street,Jiuxian,,2011-10-18
394,Iorgos Kinzett,ikinzettax@spiegel.de,9 Pearson Center,Würzburg,97078,2003-07-08
395,Alexis Kupisz,akupiszay@ucla.edu,4 Hansons Way,Shuidong,,2009-11-29
396,Olly Lyptratt,olyptrattaz@w3.org,05 Spenser Crossing,Sobienie Jeziory,08-443,2025-05-22
397,Elise Pomeroy,epomeroyb0@multiply.com,64197 Merry Street,Reisjärvi,85900,2019-08-29
398,Augy Smitten,asmittenb1@guardian.co.uk,8557 Hansons Trail,Danyang,,2001-09-18
399,Cecelia Hannibal,channibalb2@marketwatch.com,18350 Tony Pass,Shangyu,,2015-03-17
400,Jameson Mc Meekan,jmcb3@wikispaces.com,00 Holy Cross Alley,Bom Despacho,35600-000,2013-02-15
401,Karna Limpenny,klimpennyb4@gmpg.org,0 Northland Plaza,Loimaan Kunta,32560,2020-09-09
402,Tansy Fetherston,tfetherstonb5@woothemes.com,9 Briar Crest Road,Kristianstad,291 36,2008-01-31
403,Rasia Stubs,rstubsb6@nature.com,923 Starling Way,Al Ḩāmūl,,2006-01-29
404,Elton Hopkins,ehopkinsb7@dyndns.org,14 Bowman Circle,Xingou,,2006-04-04
405,Griffie Hellicar,ghellicarb8@ask.com,2 Westport Trail,Valdemarsvik,615 95,2007-10-17
406,Malinde Stanluck,mstanluckb9@cornell.edu,6 Cherokee Drive,Shijiazhuang,,2001-10-06
407,Brendan Sanbroke,bsanbrokeba@icq.com,10678 Fairview Court,Danxi,,2020-02-09
408,Petra McFall,pmcfallbb@forbes.com,26577 Crownhardt Way,Xiongshan,,2023-07-08
409,Amandi Hiscoe,ahiscoebc@smh.com.au,962 Hazelcrest Hill,Phonsavan,,2013-09-15
410,Isiahi Mottram,imottrambd@reddit.com,1 Pierstorff Place,Hougong,,2021-11-04
411,Kelsey Bertram,kbertrambe@parallels.com,30 Delladonna Terrace,Posadas,3300,2000-07-06
412,Thor Whiteman,twhitemanbf@123-reg.co.uk,7902 Susan Court,Sumber,,2011-11-19
413,Krisha Klemensiewicz,kklemensiewiczbg@jalbum.net,99658 Nobel Avenue,Wensu,,2021-04-15
414,May Searle,msearlebh@webnode.com,50825 Cascade Terrace,Cartí Suitupo,,2022-03-20
415,Hendrik Axworthy,haxworthybi@miibeian.gov.cn,97 Merry Place,Lop Buri,46110,2015-06-03
416,Buck Radsdale,bradsdalebj@printfriendly.com,711 Donald Junction,Buin,,2014-06-24
417,Kristel Presnall,kpresnallbk@hibu.com,3 Northfield Way,Sinarjaya,,2012-07-31
418,Collen Lind,clindbl@hao123.com,670 Mayer Road,Nāḩiyat as Sab‘ Biyār,,2017-10-06
419,Shell Oswell,soswellbm@dailymotion.com,0910 Independence Pass,Niort,79042 CEDEX 9,2012-09-01
420,Dalli Gillmore,dgillmorebn@ameblo.jp,08 Schlimgen Alley,Bol’shoy Karay,412334,2004-12-08
421,Rochette Baukham,rbaukhambo@i2i.jp,96 Service Junction,Bailingnao,,2000-12-05
422,Malinde Isaksen,misaksenbp@soup.io,84 Melby Junction,Planaltina,73750-000,2009-04-22
423,Marcelia Mutton,mmuttonbq@microsoft.com,6821 Larry Parkway,Shreveport,71137,2016-05-29
424,Dell Calley,dcalleybr@apache.org,01 Golden Leaf Alley,Helsingborg,252 68,2012-10-28
425,Parrnell Wisbey,pwisbeybs@hibu.com,94 Kropf Pass,Tangdong,,2024-11-26
426,Bridget Harteley,bharteleybt@wufoo.com,75 Jenifer Plaza,Tianjiazhuang,,2016-11-17
427,Burtie Gierck,bgierckbu@angelfire.com,5 Jana Junction,Sedayu,,2020-04-12
428,Darryl Martijn,dmartijnbv@domainmarket.com,858 Armistice Center,Kokkinóchoma,,2016-09-02
429,Benetta Laughlin,blaughlinbw@illinois.edu,811 Holy Cross Way,Jalapa,,2009-05-05
430,Kamilah Clearie,kcleariebx@ehow.com,0 Hayes Avenue,Markaryd,285 35,2013-09-30
431,Becca Jeeves,bjeevesby@mediafire.com,9 Red Cloud Lane,Sychëvo,673550,2002-08-30
432,Brigid Duhig,bduhigbz@instagram.com,25914 Birchwood Park,Bordeaux,33070 CEDEX,2007-03-12
433,Rebeca Harler,rharlerc0@seesaa.net,9 Oneill Road,Saga-shi,840-2223,2016-10-01
434,Abeu Dupre,aduprec1@irs.gov,346 Steensland Circle,Sande Vila Nova,4805-556,2008-01-10
435,Thayne Wyett,twyettc2@bbb.org,0170 Vernon Parkway,Shirokovskiy,618284,2014-12-25
436,Vittorio Whickman,vwhickmanc3@npr.org,73723 Killdeer Pass,Biasong,6041,2010-03-22
437,Latashia Pardy,lpardyc4@accuweather.com,03530 Morrow Parkway,Oetutulul,,2011-11-14
438,Ealasaid Vink,evinkc5@cbc.ca,32233 Brentwood Street,Wairiang,,2014-03-16
439,Ilysa Handaside,ihandasidec6@w3.org,6 Dexter Center,Malinta,4325,2008-05-29
440,Darrel Klamp,dklampc7@abc.net.au,874 Tony Circle,Saint Petersburg,190990,2007-02-09
441,Kalie Damarell,kdamarellc8@jigsy.com,873 Dahle Center,Fentange,L-5891,2023-01-31
442,Ramsey Peasgood,rpeasgoodc9@whitehouse.gov,7 Weeping Birch Street,Dortmund,44143,2006-10-17
443,Boris Wafer,bwaferca@is.gd,927 Swallow Trail,Kolondiéba,,2024-06-05
444,Jozef Vasilik,jvasilikcb@apple.com,7822 Maple Road,Oxford,K7A,2022-12-30
445,Corabelle Kerss,ckersscc@over-blog.com,25543 Superior Park,Otjimbingwe,,2014-11-24
446,Charmion Clapp,cclappcd@cargocollective.com,94 Vera Way,Gällivare,982 81,2015-08-02
447,Margit Kilrow,mkilrowce@nih.gov,688 5th Place,Bulasa,0802,2004-06-25
448,Malinda Pateman,mpatemancf@sina.com.cn,298 Chinook Way,Yalkhoy-Mokhk,366913,2023-06-09
449,Christophorus Eddleston,ceddlestoncg@ow.ly,19624 Granby Avenue,Vikbolandet,610 25,2015-10-11
450,Reeta Silverthorne,rsilverthornech@opera.com,08 Redwing Terrace,Kauit,1102,2020-07-07
451,Joycelin Crampin,jcrampinci@soundcloud.com,46 Fallview Drive,Kamyshin,403879,2000-03-12
452,Meredith Mityashev,mmityashevcj@phpbb.com,031 Meadow Valley Hill,Surcubamba,,2019-04-18
453,Mechelle Listone,mlistoneck@rambler.ru,7092 Hanson Drive,Rostokino,461149,2012-06-18
454,Coop Lanahan,clanahancl@newyorker.com,2 Superior Plaza,Prostřední Bečva,756 56,2022-02-18
455,Conrado Winteringham,cwinteringhamcm@cdbaby.com,99 Prairieview Terrace,Huayllo,,2019-10-24
456,Aloin Leisman,aleismancn@behance.net,10 East Pass,Seara,5030-384,2014-11-13
457,Janet Baughn,jbaughnco@nbcnews.com,95 Prentice Trail,Armenia,,2002-04-25
458,Brendin Vanyard,bvanyardcp@taobao.com,5433 Dwight Pass,Kímolos,,2014-03-12
459,Travus Pople,tpoplecq@tripod.com,9202 Gina Court,Ashtarak,,2005-05-04
460,Fitzgerald McFadzean,fmcfadzeancr@booking.com,56106 Lawn Junction,Ozamiz City,7214,2015-09-23
461,Dare Dornin,ddornincs@unblog.fr,3 Forest Run Road,Cibunut,,2004-03-22
462,Adrienne Perigo,aperigoct@ted.com,8 Mendota Circle,Tonghu,,2017-08-07
463,Netta Schwandt,nschwandtcu@51.la,664 Drewry Center,Sanxing,,2022-02-12
464,Quillan Garfit,qgarfitcv@arstechnica.com,709 American Ash Junction,Quận Sáu,,2015-11-26
465,Goldy Gornal,ggornalcw@google.fr,7700 Cardinal Avenue,Uppsala,751 71,2005-11-12
466,Saundra Sivewright,ssivewrightcx@businessweek.com,11219 Warbler Road,Río Segundo,5972,2025-12-19
467,Stirling Farrer,sfarrercy@list-manage.com,706 Vermont Lane,Hoima,,2019-02-17
468,Veronika Thomke,vthomkecz@pagesperso-orange.fr,76 Carey Pass,Ōtsuki,402-0056,2000-07-31
469,Billy Duester,bduesterd0@so-net.ne.jp,96 Blaine Lane,Cagayan,7508,2016-02-26
470,Magnum Boecke,mboecked1@yahoo.com,245 Cascade Street,Fonte da Vaca,2955-229,2000-10-30
471,Rudolf Lichfield,rlichfieldd2@earthlink.net,1 Mcbride Crossing,Wat Bot,65160,2005-06-17
472,Dorene Tolchar,dtolchard3@sina.com.cn,1 Pepper Wood Parkway,Sidomulyo,,2019-02-21
473,Gray Leupoldt,gleupoldtd4@acquirethisname.com,671 Hoard Point,Senadan,,2018-04-28
474,Carson Fey,cfeyd5@moonfruit.com,22 Meadow Vale Circle,Belize City,,2005-10-23
475,Malynda Pattie,mpattied6@e-recht24.de,0511 Haas Drive,Cavaillon,84304 CEDEX,2008-07-13
476,Andree Cockram,acockramd7@cbslocal.com,363 Derek Circle,Vin’kivtsi,,2025-10-08
477,Rosa Mackrell,rmackrelld8@list-manage.com,9180 Onsgard Pass,Montalegre,5470-206,2020-09-13
478,Davis Stonbridge,dstonbridged9@dailymail.co.uk,6 Arizona Point,Xambabazar,,2005-12-13
479,Gabby Voice,gvoiceda@mayoclinic.com,0 Darwin Place,Próti,,2011-02-10
480,Caitrin O'Brallaghan,cobrallaghandb@ycombinator.com,9096 Duke Place,Bugul’ma,358006,2013-10-22
481,Julio Rash,jrashdc@fc2.com,7491 Coleman Avenue,Liuyuan,,2001-03-26
482,Carleton Bradborne,cbradbornedd@google.ru,7169 Iowa Road,Żebbuġ,ZBB,2024-03-18
483,Birch Schroder,bschroderde@nature.com,0766 Nevada Place,Coalaque,,2016-07-07
484,Tait Kestle,tkestledf@people.com.cn,5 Dorton Crossing,Spassk-Dal’niy,692239,2021-07-12
485,Lyndel Gorch,lgorchdg@istockphoto.com,137 Prentice Street,Aknoul,,2001-01-13
486,Marnia Jansky,mjanskydh@dyndns.org,511 Armistice Drive,Nyangao,,2015-05-31
487,Alisun Wanden,awandendi@lycos.com,1 Coolidge Junction,Aguelmous,,2016-03-23
488,Gaynor Skidmore,gskidmoredj@wikimedia.org,4 Orin Parkway,Hantang,,2009-08-24
489,Amalita Noyce,anoycedk@icq.com,8581 Forest Dale Avenue,Kaytitinga,4901,2017-01-18
490,Valene McGenn,vmcgenndl@hao123.com,95 Erie Avenue,Shitan,,2007-09-25
491,Freddy Stanyforth,fstanyforthdm@exblog.jp,8 Eggendart Court,Buyuan,5021,2004-02-09
492,Sterne Eblein,sebleindn@upenn.edu,0059 Dryden Terrace,Ninomiya,929-1811,2022-10-10
493,Hubert Andrichuk,handrichukdo@tripod.com,47 Heath Lane,Jabłonica Polska,38-421,2022-09-04
494,Pandora Bedinn,pbedinndp@dailymotion.com,8 Farmco Way,Faeanak Dua,,2016-03-07
495,Raphael Rylett,rrylettdq@cornell.edu,7 Morning Place,Seka,43150,2006-01-02
496,Barnabas Kalinsky,bkalinskydr@blogtalkradio.com,44062 Dixon Point,Al Balyanā,,2009-10-06
497,Jackqueline Ewin,jewinds@harvard.edu,79 Bunting Way,Jönköping,554 46,2014-03-25
498,Amii Jojic,ajojicdt@nyu.edu,19308 Memorial Center,Galubakul,,2012-02-04
499,Emma Madrell,emadrelldu@nymag.com,94670 Hoepker Point,Dulangan,4113,2019-10-04
500,Devinne Mullinger,dmullingerdv@webs.com,8495 Debra Pass,Voiron,38504 CEDEX,2004-02-28
